,Kode Premis,Kalimat Premis,Kode Hypotesis,Kalimat Hypothesis,Anotator I,Anotator II,Anotator III,Anotator IV,Anotator V,Kesimpulan,Genre,Sumber
0,P3001,"Tiga kali Devano menikah, dan ketiga istrinya itu pun meninggal dengan mengenaskan",H31001,Devano adalah seorang pembunuh,contradiction,contradiction,neutral,neutral,contradiction,contradiction,Novel,Istri Tanpa Suami by Diganti Mawaddah
1,P3001,"Tiga kali Devano menikah, dan ketiga istrinya itu pun meninggal dengan mengenaskan",H31002,Devano tidak memiliki istri,contradiction,contradiction,contradiction,contradiction,neutral,contradiction,Novel,Istri Tanpa Suami by Diganti Mawaddah
2,P3001,"Tiga kali Devano menikah, dan ketiga istrinya itu pun meninggal dengan mengenaskan",H31003,Ketiga istri devano bunuh diri,contradiction,contradiction,neutral,contradiction,neutral,contradiction,Novel,Istri Tanpa Suami by Diganti Mawaddah
3,P3002,Berita   itu   sudah   terdengar   oleh   masyarakat Surabaya.  Kedatangan  kembali  ras  kulit putih  ke tanah Pulau  Jawa. ,H32001,Penduduk America mendatangi Pulau Jawa,contradiction,entailment,contradiction,contradiction,entailment,contradiction,Novel,Neraka di Timur Jawa By Gelar Nugraha
4,P3002,Berita   itu   sudah   terdengar   oleh   masyarakat Surabaya.  Kedatangan  kembali  ras  kulit putih  ke tanah Pulau  Jawa. ,H32002,Masyarakat Surabaya mendengar berita kedatangan ras kulit putih,neutral,neutral,neutral,neutral,contradiction,neutral,Novel,Neraka di Timur Jawa By Gelar Nugraha
5,P3002,Berita   itu   sudah   terdengar   oleh   masyarakat Surabaya.  Kedatangan  kembali  ras  kulit putih  ke tanah Pulau  Jawa. ,H32003,Ras kulit putih menyukai tanah Pulau Jawa,contradiction,contradiction,entailment,entailment,entailment,entailment,Novel,Neraka di Timur Jawa By Gelar Nugraha
6,P3003,"Mereka  yang  dalam  tiga  tahun  lalu  sudah meninggalkan Indonesia, kini sudah kembali ke Jakarta.",H33001,Ras Kulit putih datang ke Jakarta,neutral,neutral,neutral,contradiction,contradiction,neutral,Novel,Neraka di Timur Jawa By Gelar Nugraha
7,P3003,"Mereka  yang  dalam  tiga  tahun  lalu  sudah meninggalkan Indonesia, kini sudah kembali ke Jakarta.",H33002,Tiga tahun lalu Ras Kulit putih berada di jakarta,neutral,contradiction,contradiction,neutral,contradiction,contradiction,Novel,Neraka di Timur Jawa By Gelar Nugraha
8,P3003,"Mereka  yang  dalam  tiga  tahun  lalu  sudah meninggalkan Indonesia, kini sudah kembali ke Jakarta.",H33003,Ras kulit putih ingin menjajah Indonesia,contradiction,contradiction,contradiction,neutral,contradiction,contradiction,Novel,Neraka di Timur Jawa By Gelar Nugraha
9,P3004,Dia mendapati suaminya sedang bermain gila dengan wanita lain,H34001,Suaminya adalah orang gila,entailment,entailment,contradiction,entailment,entailment,entailment,Novel,Sang Petarung 9786027641150 
10,P3004,Dia mendapati suaminya sedang bermain gila dengan wanita lain,H34002,Suami dan wanita lain sedang bermain gila,neutral,neutral,neutral,contradiction,contradiction,neutral,Novel,Sang Petarung 9786027641150
11,P3004,Dia mendapati suaminya sedang bermain gila dengan wanita lain,H34003,Suaminya adalah pria setia,entailment,entailment,entailment,entailment,entailment,entailment,Novel,Sang Petarung 9786027641150
12,P3005,Isyana mesti rela meringkuk dalam jeruji penjara sebagai hukuman atas perbuatannya,H35001,Isyana seorang penjahat,neutral,contradiction,contradiction,contradiction,neutral,contradiction,Novel,Sang Petarung 9786027641150
13,P3005,Isyana mesti rela meringkuk dalam jeruji penjara sebagai hukuman atas perbuatannya,H35002,Isyana mengakui kesalahannya,neutral,neutral,neutral,contradiction,contradiction,neutral,Novel,Sang Petarung 9786027641150
14,P3005,Isyana mesti rela meringkuk dalam jeruji penjara sebagai hukuman atas perbuatannya,H35003,Isyana suka dipenjara,contradiction,entailment,entailment,entailment,contradiction,entailment,Novel,Sang Petarung 9786027641150
15,P3006,Dia pun memulai babak-babak baru hidupnya sebagai seorang petarung,H36001,Isyana memulai karir sebagai petarung,contradiction,neutral,neutral,contradiction,contradiction,contradiction,Novel,Sang Petarung 9786027641150
16,P3006,Dia pun memulai babak-babak baru hidupnya sebagai seorang petarung,H36002,Isyana memiliki hobby bertarung,contradiction,contradiction,neutral,neutral,contradiction,contradiction,Novel,Sang Petarung 9786027641150
17,P3006,Dia pun memulai babak-babak baru hidupnya sebagai seorang petarung,H36003,Profesi isyana adalah seorang penulis,entailment,entailment,entailment,contradiction,entailment,contradiction,Novel,Sang Petarung 9786027641150
18,P3007,"1942, adalah kali terakhir kami melihat orang orang itu menginjakan kaki di tanah ini. ",H37001,Ras kulit putih telah meninggalkan Indonesia,contradiction,neutral,contradiction,contradiction,contradiction,contradiction,Novel,Neraka di Timur Jawa By Gelar Nugraha
19,P3007,"1942, adalah kali terakhir kami melihat orang orang itu menginjakan kaki di tanah ini. ",H37002,Ras kulit putih meninggal dunia,entailment,entailment,entailment,contradiction,contradiction,entailment,Novel,Neraka di Timur Jawa By Gelar Nugraha
20,P3007,"1942, adalah kali terakhir kami melihat orang orang itu menginjakan kaki di tanah ini. ",H37003,Tahun 1942 adalah hari emerdekaan Indonesia,entailment,entailment,entailment,entailment,entailment,entailment,Novel,Neraka di Timur Jawa By Gelar Nugraha
21,P3008,"Satu hal yang kutahu pasti, kedatangan 
mereka tidak akan membawa berita baik bagi bangsa ini. ",H38001,Ras kulit putih membawa berita buruk untuk Indonesia,neutral,contradiction,neutral,neutral,contradiction,neutral,Novel,Neraka di Timur Jawa By Gelar Nugraha
22,P3008,"Satu hal yang kutahu pasti, kedatangan 
mereka tidak akan membawa berita baik bagi bangsa ini. ",H38002,Bangsa indonesia tidak menyukai ras kulit putih,contradiction,neutral,neutral,neutral,contradiction,neutral,Novel,Neraka di Timur Jawa By Gelar Nugraha
23,P3008,"Satu hal yang kutahu pasti, kedatangan 
mereka tidak akan membawa berita baik bagi bangsa ini. ",H38003,Ras kulit putih adalah musuh Indoensia,contradiction,neutral,contradiction,neutral,neutral,neutral,Novel,Neraka di Timur Jawa By Gelar Nugraha
24,P3009,"Soekarno dan Hatta pada saat itu telah 
mengeluarkan perintah umum kepada rakyat Indonesia 
untuk tidak berurusan dengan pasukan Inggris. ",H39001,Pasukan Inggris adalah orang jahat,contradiction,neutral,contradiction,contradiction,contradiction,contradiction,Novel,Neraka di Timur Jawa By Gelar Nugraha
25,P3009,"Soekarno dan Hatta pada saat itu telah 
mengeluarkan perintah umum kepada rakyat Indonesia 
untuk tidak berurusan dengan pasukan Inggris. ",H39002,Pasukan inggris dibenci oleh rakyat Indonesia,contradiction,contradiction,neutral,contradiction,contradiction,contradiction,Novel,Neraka di Timur Jawa By Gelar Nugraha
26,P3009,"Soekarno dan Hatta pada saat itu telah 
mengeluarkan perintah umum kepada rakyat Indonesia 
untuk tidak berurusan dengan pasukan Inggris. ",H39003,Soekarno dan Hatta adalah presiden pertama Indonesia,neutral,neutral,contradiction,contradiction,neutral,contradiction,Novel,Neraka di Timur Jawa By Gelar Nugraha
27,P3010,"Pada hari 
ini, mereka telah datang ke tanah Surabaya. Dengan 
jumlah yang tidak sedikit",H310001,Pasukan inggris berjumlah 1000 orang,contradiction,contradiction,contradiction,contradiction,entailment,contradiction,Novel,Neraka di Timur Jawa By Gelar Nugraha
28,P3010,"Pada hari 
ini, mereka telah datang ke tanah Surabaya. Dengan 
jumlah yang tidak sedikit",H310002,Pasukan inggris ingin demo ke Surabaya,contradiction,contradiction,contradiction,neutral,neutral,contradiction,Novel,Neraka di Timur Jawa By Gelar Nugraha
29,P3010,"Pada hari 
ini, mereka telah datang ke tanah Surabaya. Dengan 
jumlah yang tidak sedikit",H310003,Pasukan inggris tidak ada di Tanah Surabaya,entailment,entailment,entailment,entailment,contradiction,entailment,Novel,Neraka di Timur Jawa By Gelar Nugraha
30,P3011,"Hanya dalam hitungan hari, Surabaya akan kembali 
jatuh ke tangan Belanda jika kita tidak melakukan apa apa",H311001,Pasukan Belanda adalah orang Baik,contradiction,entailment,contradiction,entailment,contradiction,contradiction,Novel,Neraka di Timur Jawa By Gelar Nugraha
31,P3011,"Hanya dalam hitungan hari, Surabaya akan kembali 
jatuh ke tangan Belanda jika kita tidak melakukan apa apa",H311002,Surabaya adalah tempat perang,contradiction,neutral,neutral,contradiction,contradiction,contradiction,Novel,Neraka di Timur Jawa By Gelar Nugraha
32,P3011,"Hanya dalam hitungan hari, Surabaya akan kembali 
jatuh ke tangan Belanda jika kita tidak melakukan apa apa",H311003,Dalam waktu 3 hari Surabaya jatuh ke tangan Belanda,contradiction,contradiction,contradiction,contradiction,contradiction,contradiction,Novel,Neraka di Timur Jawa By Gelar Nugraha
33,P3012,"Idris mengerutkan dahinya sembari meminum 
secangkir kopi yang telah disuguhkan",H312001,Idris tidak suka kopi,neutral,neutral,contradiction,contradiction,contradiction,contradiction,Novel,Neraka di Timur Jawa By Gelar Nugraha
34,P3012,"Idris mengerutkan dahinya sembari meminum 
secangkir kopi yang telah disuguhkan",H312002,Kopi yang disuguhkan rasanya pahit,contradiction,contradiction,neutral,neutral,contradiction,contradiction,Novel,Neraka di Timur Jawa By Gelar Nugraha
35,P3012,"Idris mengerutkan dahinya sembari meminum 
secangkir kopi yang telah disuguhkan",H312003,Teh yang diminum idris manis,entailment,entailment,entailment,contradiction,entailment,contradiction,Novel,Neraka di Timur Jawa By Gelar Nugraha
36,P3013,"Idris memang 
merupakan orang yang keras. Abi telah lama 
mengenalnya sejak pertama kali keluarganya menetap di 
Surabaya. ",H313001,Idris adalah orang yang keras kepala,neutral,contradiction,neutral,neutral,neutral,neutral,Novel,Neraka di Timur Jawa By Gelar Nugraha
37,P3013,"Idris memang 
merupakan orang yang keras. Abi telah lama 
mengenalnya sejak pertama kali keluarganya menetap di 
Surabaya. ",H313002,Idris tinggal di Surabaya,neutral,contradiction,neutral,neutral,neutral,neutral,Novel,Neraka di Timur Jawa By Gelar Nugraha
38,P3013,"Idris memang 
merupakan orang yang keras. Abi telah lama 
mengenalnya sejak pertama kali keluarganya menetap di 
Surabaya. ",H313003,Abi adalah sahabat Idris,neutral,contradiction,contradiction,contradiction,neutral,contradiction,Novel,Neraka di Timur Jawa By Gelar Nugraha
39,P3014,"Ilmuku 
bagaikan suatu emas yang tertimbun ratusan meter
dibawah tanah, tidak ada artinya dan tidak bermanfaat.",H314001,Abi adalah orang bodoh,contradiction,contradiction,contradiction,neutral,neutral,contradiction,Novel,Neraka di Timur Jawa By Gelar Nugraha
40,P3014,"Ilmuku 
bagaikan suatu emas yang tertimbun ratusan meter
dibawah tanah, tidak ada artinya dan tidak bermanfaat.",H314002,Abi tidak suka belajar,contradiction,contradiction,neutral,neutral,contradiction,contradiction,Novel,Neraka di Timur Jawa By Gelar Nugraha
41,P3014,"Ilmuku 
bagaikan suatu emas yang tertimbun ratusan meter
dibawah tanah, tidak ada artinya dan tidak bermanfaat.",H314003,Dibawah tanah terdapat ilmu,entailment,entailment,contradiction,entailment,entailment,entailment,Novel,Neraka di Timur Jawa By Gelar Nugraha
42,P3015,"arif adalah anak yang tidak pernah pacaran sebelum nya, saat kuliah tujuan utama nya selain mencari ilmu adalah mencari pacar",H315001,Arif adalah anak pintar,contradiction,contradiction,contradiction,contradiction,contradiction,contradiction,Novel,SIP! By Moehammad Arif
43,P3015,"arif adalah anak yang tidak pernah pacaran sebelum nya, saat kuliah tujuan utama nya selain mencari ilmu adalah mencari pacar",H315002,Kuliah adalah tempat mencari pacar,entailment,contradiction,contradiction,entailment,entailment,entailment,Novel,SIP! By Moehammad Arif
44,P3015,"arif adalah anak yang tidak pernah pacaran sebelum nya, saat kuliah tujuan utama nya selain mencari ilmu adalah mencari pacar",H315003,Arif kuliah di Universitas Udayana,entailment,entailment,entailment,entailment,entailment,entailment,Novel,SIP! By Moehammad Arif
45,P3016,"Temanku sering memanggilku otak dangkal.
Mungkin karena aku kebanyakan mengutarakan teori
aneh dalam menjalankan aktifitas sehari-hari.",H316001,Arif adalah orang bodoh,contradiction,contradiction,neutral,neutral,neutral,neutral,Novel,SIP! By Moehammad Arif
46,        P3016,"Temanku sering memanggilku otak dangkal.
Mungkin karena aku kebanyakan mengutarakan teori
aneh dalam menjalankan aktifitas sehari-hari.",H316002,Teman arif tidak suka dengan arif,contradiction,neutral,neutral,contradiction,contradiction,contradiction,Novel,SIP! By Moehammad Arif
47,        P3016,"Temanku sering memanggilku otak dangkal.
Mungkin karena aku kebanyakan mengutarakan teori
aneh dalam menjalankan aktifitas sehari-hari.",H316003,Aktifitas aris adalah mengutarakan teori aneh,neutral,contradiction,contradiction,neutral,contradiction,contradiction,Novel,SIP! By Moehammad Arif
48,P3017,"Keinginan
memiliki pacar saat SMA pupus lantaran tidak ada
yang mau denganku",H317001,Arif adalah orang jelek,contradiction,contradiction,neutral,neutral,contradiction,contradiction,Novel,SIP! By Moehammad Arif
49,P3017,"Keinginan
memiliki pacar saat SMA pupus lantaran tidak ada
yang mau denganku",H317002,Arif tidak pandai dalam mencari pacar,neutral,contradiction,contradiction,neutral,contradiction,contradiction,Novel,SIP! By Moehammad Arif
50,P3017,"Keinginan
memiliki pacar saat SMA pupus lantaran tidak ada
yang mau denganku",H317003,Arif banyak memiliki pacar,entailment,entailment,contradiction,entailment,entailment,entailment,Novel,SIP! By Moehammad Arif
51,P3018,"Ditemani segelas kopi dan handphone yang
masih menyala, hidupku di kota orang seperti
penjara",H318001,Arif tinggal di kota orang,neutral,contradiction,contradiction,neutral,neutral,neutral,Novel,SIP! By Moehammad Arif
52,P3018,"Ditemani segelas kopi dan handphone yang
masih menyala, hidupku di kota orang seperti
penjara",H318002,Arif tinggal di penjara,entailment,entailment,contradiction,entailment,entailment,entailment,Novel,SIP! By Moehammad Arif
53,P3018,"Ditemani segelas kopi dan handphone yang
masih menyala, hidupku di kota orang seperti
penjara",H318003,Arif suka meminum kopi,contradiction,contradiction,contradiction,neutral,contradiction,contradiction,Novel,SIP! By Moehammad Arif
54,P3019,"Memang selama 2 tahun ini hanya roti itu
yang aku pesan. Tak ada satu pun roti yang dapat
menggantikan roti yang satu ini.",H319001,Arif memakan roti selama 2 tahun,entailment,contradiction,contradiction,contradiction,entailment,contradiction,Novel,SIP! By Moehammad Arif
55,P3019,"Memang selama 2 tahun ini hanya roti itu
yang aku pesan. Tak ada satu pun roti yang dapat
menggantikan roti yang satu ini.",H319002,Arif memiliki roti favorit,neutral,neutral,contradiction,contradiction,neutral,neutral,Novel,SIP! By Moehammad Arif
56,P3019,"Memang selama 2 tahun ini hanya roti itu
yang aku pesan. Tak ada satu pun roti yang dapat
menggantikan roti yang satu ini.",H319003,Arif suka memakan roti,neutral,contradiction,neutral,neutral,neutral,neutral,Novel,SIP! By Moehammad Arif
57,P3020,"Bulan Januari adalah
bulan yang ditunggu-tunggu mahasiswa",H320001,Bulan januari adalah bulan baik,contradiction,neutral,contradiction,neutral,contradiction,contradiction,Novel,SIP! By Moehammad Arif
58,P3020,"Bulan Januari adalah
bulan yang ditunggu-tunggu mahasiswa",H320002,Bulan januari terdiri dari 31 hari,entailment,entailment,contradiction,contradiction,entailment,entailment,Novel,SIP! By Moehammad Arif
59,P3020,"Bulan Januari adalah
bulan yang ditunggu-tunggu mahasiswa",H320003,Mahasiswa menyukai bulan Januari,neutral,neutral,contradiction,neutral,contradiction,neutral,Novel,SIP! By Moehammad Arif
60,P3021,"Pada  masa  pendudukan  Jepang,  Gua  Jepang  digunakan  sebagai  benteng perlindungan tentara Jepang dari serangan musuh",H321001,Tentara jepang mendapatkan serangan,neutral,neutral,contradiction,neutral,neutral,neutral,Buku Sejarah,Sejarah indonesia 978-602-427-122-0
61,P3021,"Pada  masa  pendudukan  Jepang,  Gua  Jepang  digunakan  sebagai  benteng perlindungan tentara Jepang dari serangan musuh",H321002,Gua Jepang terletak di Jepang,contradiction,contradiction,entailment,entailment,entailment,entailment,Buku Sejarah,Sejarah indonesia 978-602-427-122-1
62,P3021,"Pada  masa  pendudukan  Jepang,  Gua  Jepang  digunakan  sebagai  benteng perlindungan tentara Jepang dari serangan musuh",H321003,Tentara jepang telah menjajah Indonesia,contradiction,entailment,entailment,entailment,contradiction,contradiction,Buku Sejarah,Sejarah indonesia 978-602-427-122-2
63,P3022,Kedatangan  Jepang  di  Indonesia  pada  awalnya  disambut  dengan  senang hati  oleh  rakyat  Indonesia. ,H322001,Rakyat Indonesia menyukai kedatangan Jepang,contradiction,contradiction,contradiction,neutral,neutral,contradiction,Buku Sejarah,Sejarah indonesia 978-602-427-122-3
64,P3022,Kedatangan  Jepang  di  Indonesia  pada  awalnya  disambut  dengan  senang hati  oleh  rakyat  Indonesia. ,H322002,Jepang ke Indonesia untuk liburan,entailment,entailment,entailment,contradiction,contradiction,entailment,Buku Sejarah,Sejarah indonesia 978-602-427-122-4
65,P3022,Kedatangan  Jepang  di  Indonesia  pada  awalnya  disambut  dengan  senang hati  oleh  rakyat  Indonesia. ,H322003,Rakyat Indonesia memiliki hati yang baik,neutral,neutral,contradiction,contradiction,contradiction,contradiction,Buku Sejarah,Sejarah indonesia 978-602-427-122-5
66,P3023,Simpati dan dukungan rakyat Indonesia itu nampaknya juga karena perilaku Jepang yang sangat membenci Belanda,H323001,Jepang adalah musuh Belanda,contradiction,contradiction,neutral,contradiction,neutral,contradiction,Buku Sejarah,Sejarah indonesia 978-602-427-122-6
67,P3023,Simpati dan dukungan rakyat Indonesia itu nampaknya juga karena perilaku Jepang yang sangat membenci Belanda,H323002,Indonesia mendukung Jepang,neutral,contradiction,contradiction,contradiction,neutral,contradiction,Buku Sejarah,Sejarah indonesia 978-602-427-122-7
68,P3023,Simpati dan dukungan rakyat Indonesia itu nampaknya juga karena perilaku Jepang yang sangat membenci Belanda,H323003,Belanda menajajah Indonesia dan Jepang,contradiction,entailment,entailment,entailment,contradiction,entailment,Buku Sejarah,Sejarah indonesia 978-602-427-122-8
69,P3024,Dukungan rakyat terhadap Jepang memang tidak seperti awal kedatangannya. Hal ini terjadi karena sikap dan tindakan Jepang yang berubah,H324001,Tindakan Jepang berubah menjadi jahat,neutral,neutral,neutral,contradiction,contradiction,entailment,Buku Sejarah,Sejarah indonesia 978-602-427-122-9
70,P3024,Dukungan rakyat terhadap Jepang memang tidak seperti awal kedatangannya. Hal ini terjadi karena sikap dan tindakan Jepang yang berubah,H324002,Tindakan Jepang tidak disukai rakyat Indonesia,neutral,contradiction,contradiction,contradiction,neutral,contradiction,Buku Sejarah,Sejarah indonesia 978-602-427-122-10
71,P3024,Dukungan rakyat terhadap Jepang memang tidak seperti awal kedatangannya. Hal ini terjadi karena sikap dan tindakan Jepang yang berubah,H324003,Rakyat Indonesia tidak mendukung Jepang,contradiction,neutral,neutral,contradiction,contradiction,contradiction,Buku Sejarah,Sejarah indonesia 978-602-427-122-11
72,P3025,"Setelah  keluar  dari  rumah  Abi,  kami  berjalan melewati    kuburan. ",H325001,Rumah Abi dekat dengan kuburan,neutral,contradiction,neutral,neutral,neutral,neutral,Novel,Salah Sangka By Mohamad Arif
73,P3025,"Setelah  keluar  dari  rumah  Abi,  kami  berjalan melewati    kuburan. ",H335002,Kuburan adalah tampat makam ,entailment,contradiction,contradiction,entailment,contradiction,contradiction,Novel,Salah Sangka By Mohamad Arif
74,P3025,"Setelah  keluar  dari  rumah  Abi,  kami  berjalan melewati    kuburan. ",H325003,Abi tinggal di kuburan,entailment,entailment,entailment,entailment,entailment,entailment,Novel,Salah Sangka By Mohamad Arif
75,P3026,"Waktu  itu  lagi  asik-asinya  main  game  bola sama  Abi,  temen  gue. ",H326001,Abi menyukai permainan sepak bola,neutral,neutral,contradiction,neutral,neutral,contradiction,Novel,Salah Sangka By Mohamad Arif
76,P3026,"Waktu  itu  lagi  asik-asinya  main  game  bola sama  Abi,  temen  gue. ",H326002,Abi dan temannya membeli bola,entailment,contradiction,contradiction,contradiction,entailment,contradiction,Novel,Salah Sangka By Mohamad Arif
77,P3026,"Waktu  itu  lagi  asik-asinya  main  game  bola sama  Abi,  temen  gue. ",H326003,Abi menyukai mobil-mobilan,entailment,entailment,entailment,entailment,entailment,entailment,Novel,Salah Sangka By Mohamad Arif
78,P3027,Saat bulan puasa pasti banyak dari kita melakukan aktifitas   olahraga   di   pagi   hari.   Untuk   menjaga kesehatan     dan     menjaga     stamina     alasannya.,H327001,Bulan puasa adalah bulan olahraga,entailment,entailment,entailment,contradiction,contradiction,entailment,Novel,Salah Sangka By Mohamad Arif
79,P3027,Saat bulan puasa pasti banyak dari kita melakukan aktifitas   olahraga   di   pagi   hari.   Untuk   menjaga kesehatan     dan     menjaga     stamina     alasannya.,H327002,Olahraga di pagi hari memiliki manfaat yang baik untuk kesehatan tubuh,neutral,neutral,neutral,neutral,contradiction,neutral,Novel,Salah Sangka By Mohamad Arif
80,P3027,Saat bulan puasa pasti banyak dari kita melakukan aktifitas   olahraga   di   pagi   hari.   Untuk   menjaga kesehatan     dan     menjaga     stamina     alasannya.,H327003,olahraga di pagi hari membuat capek,entailment,entailment,entailment,entailment,entailment,entailment,Novel,Salah Sangka By Mohamad Arif
81,P3028,"Setelah  capek lari,  dan  gue  berhasil  meraih podium    nomor    dua.    Kita    sama-sama    sepakat berhenti. ",H328001,Anak-anak sedang lomba lari,contradiction,contradiction,neutral,neutral,contradiction,contradiction,Novel,Salah Sangka By Mohamad Arif
82,P3028,"Setelah  capek lari,  dan  gue  berhasil  meraih podium    nomor    dua.    Kita    sama-sama    sepakat berhenti. ",H328002,Berlari adalah olahraga yang menyehatkan,contradiction,contradiction,contradiction,contradiction,neutral,contradiction,Novel,Salah Sangka By Mohamad Arif
83,P3028,"Setelah  capek lari,  dan  gue  berhasil  meraih podium    nomor    dua.    Kita    sama-sama    sepakat berhenti. ",H328003,Anak-anak berhenti karena capek,neutral,neutral,neutral,contradiction,contradiction,neutral,Novel,Salah Sangka By Mohamad Arif
84,P3029,"Setelah    suasana    hati    kami    mulai    reda, matahari   sudah   mulai   muncul.   Kami   kembali   ke  tempat   kami   lari   tadi.",H329001,Anak-anak lari pada pagi hari,neutral,neutral,neutral,neutral,contradiction,neutral,Novel,Salah Sangka By Mohamad Arif
85,P3029,"Setelah    suasana    hati    kami    mulai    reda, matahari   sudah   mulai   muncul.   Kami   kembali   ke  tempat   kami   lari   tadi.",H329002,Anak-anak suka oalahraga lari,neutral,contradiction,contradiction,contradiction,contradiction,contradiction,Novel,Salah Sangka By Mohamad Arif
86,P3029,"Setelah    suasana    hati    kami    mulai    reda, matahari   sudah   mulai   muncul.   Kami   kembali   ke  tempat   kami   lari   tadi.",H329003,Anak-anak lari di kuburan,entailment,entailment,entailment,contradiction,entailment,entailment,Novel,Salah Sangka By Mohamad Arif
87,P3030,Seminggu  setelah  kenal  kami  sangat  dekat. Hampir setiap hari gue sms dia. Atau gak sebaliknya. ,H330001,Mereka kenal baru seminggu,contradiction,neutral,neutral,contradiction,contradiction,contradiction,Novel,Salah Sangka By Mohamad Arif
88,P3030,Seminggu  setelah  kenal  kami  sangat  dekat. Hampir setiap hari gue sms dia. Atau gak sebaliknya. ,H330002,Mereka saling mengabari selama seminggu,neutral,contradiction,neutral,contradiction,neutral,neutral,Novel,Salah Sangka By Mohamad Arif
89,P3030,Seminggu  setelah  kenal  kami  sangat  dekat. Hampir setiap hari gue sms dia. Atau gak sebaliknya. ,H330003,Mereka berpacaran selama seminggu,entailment,entailment,contradiction,entailment,entailment,entailment,Novel,Salah Sangka By Mohamad Arif
90,P3031,"Malam yang cukup dingin untuk keluar malam, apa
lagi di luar masih gerimis.",H331001,Malam itu hujan turun,neutral,contradiction,neutral,neutral,contradiction,neutral,Novel,Bebeb By Mohamad Arif
91,P3031,"Malam yang cukup dingin untuk keluar malam, apa
lagi di luar masih gerimis.",H331002,Malam itu udara sangat panas,entailment,entailment,entailment,entailment,entailment,entailment,Novel,Bebeb By Mohamad Arif
92,P3031,"Malam yang cukup dingin untuk keluar malam, apa
lagi di luar masih gerimis.",H331003,Malam itu adalah malam minggu,entailment,contradiction,contradiction,entailment,entailment,entailment,Novel,Bebeb By Mohamad Arif
93,P3032,"Sesampai di perempatan aku diajak andre ke rumah
dewi, tempat tinggal cewek yang akan aku tembak.",H332001,Dewi meninggal karena ditembak,entailment,contradiction,entailment,entailment,entailment,entailment,Novel,Bebeb By Mohamad Arif
94,P3032,"Sesampai di perempatan aku diajak andre ke rumah
dewi, tempat tinggal cewek yang akan aku tembak.",H332002,Andre dan arif adalah polisi,entailment,contradiction,contradiction,entailment,entailment,entailment,Novel,Bebeb By Mohamad Arif
95,P3032,"Sesampai di perempatan aku diajak andre ke rumah
dewi, tempat tinggal cewek yang akan aku tembak.",H332003,Arif adalah penjahat,contradiction,contradiction,entailment,entailment,entailment,entailment,Novel,Bebeb By Mohamad Arif
96,P3033,"Yang ku tahu tentang cewek adalah
manusia labil dengan perasaan misterius. Tak ada
yang dapat menebak perasaan cewek.",H333001,Cewek adalah manusia misterius,contradiction,contradiction,neutral,neutral,contradiction,contradiction,Novel,Bebeb By Mohamad Arif
97,P3033,"Yang ku tahu tentang cewek adalah
manusia labil dengan perasaan misterius. Tak ada
yang dapat menebak perasaan cewek.",H333002,Cewek memiliki sifat susah ditebak,neutral,neutral,neutral,contradiction,contradiction,neutral,Novel,Bebeb By Mohamad Arif
98,P3033,"Yang ku tahu tentang cewek adalah
manusia labil dengan perasaan misterius. Tak ada
yang dapat menebak perasaan cewek.",H333003,Cewek adalah orang jahat,entailment,contradiction,entailment,entailment,entailment,entailment,Novel,Bebeb By Mohamad Arif
99,P3034,"Waktu itu aku dan andre merencanakan untuk
memutuskan hubunganku dengan anabale.",H334001,Arif dan Andre adalah musuh,contradiction,contradiction,entailment,entailment,entailment,entailment,Novel,Bebeb By Mohamad Arif
100,P3034,"Waktu itu aku dan andre merencanakan untuk
memutuskan hubunganku dengan anabale.",H334002,Andre berteman baik dengan anabale,contradiction,contradiction,contradiction,neutral,contradiction,contradiction,Novel,Bebeb By Mohamad Arif
101,P3034,"Waktu itu aku dan andre merencanakan untuk
memutuskan hubunganku dengan anabale.",H334003,Aku tidak kenal dengan Andre,contradiction,contradiction,contradiction,contradiction,contradiction,contradiction,Novel,Bebeb By Mohamad Arif
102,P3035,Internet Data Seluler saat Nyepi Tahun 2021 dipastikan mati Minggu 14 Maret 2021 mulai Pukul 00.00 Wita sampai Senin 15 Maret 2022 06.00 WITA,H335001,Internet Data Seluler akan dimatikan saat Nyepi,contradiction,contradiction,neutral,contradiction,contradiction,contradiction,Berita,https://bali.tribunnews.com/2021/03/05/nyepi-tahun-2021-internet-data-seluler-mati-30-jam-minggu-sampai-senin-pukul-6-pagi
103,P3035,Internet Data Seluler saat Nyepi Tahun 2021 dipastikan mati Minggu 14 Maret 2021 mulai Pukul 00.00 Wita sampai Senin 15 Maret 2022 06.00 WITA,H335002,Internet Data selular akan dinyalakan pada 14 Meret pukul 07.00 WITA,neutral,neutral,neutral,neutral,neutral,neutral,Berita,https://bali.tribunnews.com/2021/03/05/nyepi-tahun-2021-internet-data-seluler-mati-30-jam-minggu-sampai-senin-pukul-6-pagi
104,P3035,Internet Data Seluler saat Nyepi Tahun 2021 dipastikan mati Minggu 14 Maret 2021 mulai Pukul 00.00 Wita sampai Senin 15 Maret 2022 06.00 WITA,H335003,Selama Nyepi saya tidak bisa menggunakan data seluler,entailment,entailment,entailment,entailment,contradiction,entailment,Berita,https://bali.tribunnews.com/2021/03/05/nyepi-tahun-2021-internet-data-seluler-mati-30-jam-minggu-sampai-senin-pukul-6-pagi
105,P3036,"Dinas Kesehatan Provinsi Bali kembali terima vaksin Covid-19 jenis Sinovac pada, Jumat (5 Maret 2021).",H336001,Dinas Kesehatan Provinsi Bali menerima vaksi DB,contradiction,contradiction,contradiction,contradiction,contradiction,contradiction,Berita,https://bali.tribunnews.com/2021/03/05/lagi-vaksin-covid-19-jenis-sinovac-datang-ke-bali-sebanyak-10-ribu-vial.
106,P3036,"Dinas Kesehatan Provinsi Bali kembali terima vaksin Covid-19 jenis Sinovac pada, Jumat (5 Maret 2021).",H336002,Vaksin tersebut diterima pada hari jumat,neutral,neutral,neutral,neutral,contradiction,neutral,Berita,https://bali.tribunnews.com/2021/03/05/lagi-vaksin-covid-19-jenis-sinovac-datang-ke-bali-sebanyak-10-ribu-vial.
107,P3036,"Dinas Kesehatan Provinsi Bali kembali terima vaksin Covid-19 jenis Sinovac pada, Jumat (5 Maret 2021).",H336003,Dinas Kesehatan Provinsi Bali menerima vaksin pada hari jumat,entailment,entailment,entailment,entailment,entailment,entailment,Berita,https://bali.tribunnews.com/2021/03/05/lagi-vaksin-covid-19-jenis-sinovac-datang-ke-bali-sebanyak-10-ribu-vial.
108,P3037,Pernikahan mereka hanya tinggal dua minggu lagi dan Cinta merasa tidak sabar menunggu saat itu tiba .,H337001,Cinta tidak sabar menunggu pernikahannya,neutral,neutral,neutral,neutral,entailment,neutral,Novel,Akulah Cintamu by Rustina Zahra
109,P3037,Pernikahan mereka hanya tinggal dua minggu lagi dan Cinta merasa tidak sabar menunggu saat itu tiba .,H337002,Pernikahan akan dilakukan 3 minggu lagi,entailment,entailment,entailment,entailment,neutral,entailment,Novel,Akulah Cintamu by Rustina Zahra
110,P3037,Pernikahan mereka hanya tinggal dua minggu lagi dan Cinta merasa tidak sabar menunggu saat itu tiba .,H337003,Mereka akan menikah,entailment,entailment,entailment,entailment,entailment,entailment,Novel,Akulah Cintamu by Rustina Zahra
111,P3038,"Aku sangat hobi membaca novel . Seperti saat ini , aku sedang asyik membaca novel bernuansa romansa , tapi terganggu karena teriakan cempreng adikku dari luar kamar .",H338001,Aku hobi berenang,contradiction,contradiction,contradiction,contradiction,contradiction,contradiction,Novel,Sejoli by dmliza
112,P3038,"Aku sangat hobi membaca novel . Seperti saat ini , aku sedang asyik membaca novel bernuansa romansa , tapi terganggu karena teriakan cempreng adikku dari luar kamar .",H338002,Aku sedang asyik membaca novel,neutral,neutral,neutral,neutral,entailment,neutral,Novel,Sejoli by dmliza
113,P3038,"Aku sangat hobi membaca novel . Seperti saat ini , aku sedang asyik membaca novel bernuansa romansa , tapi terganggu karena teriakan cempreng adikku dari luar kamar .",H338003,Adikku meneriakiku dari luar kamar,entailment,entailment,entailment,entailment,entailment,entailment,Novel,Sejoli by dmliza
114,P3039,Aku sedang sibuk menggambar sebuah rancangan gaun di buku sketsa . Tanganku asyik dan lihai mencoret - coret dan melukis di buku gambar tersebut . ,H339001,Aku sedang mennggambarkan sketsa pakaian,neutral,neutral,neutral,neutral,entailment,neutral,Novel,Kakak Iparku Ayah Anakku by Suci Pratami
115,P3039,Aku sedang sibuk menggambar sebuah rancangan gaun di buku sketsa . Tanganku asyik dan lihai mencoret - coret dan melukis di buku gambar tersebut . ,H339002,Aku melukis sketsa di buku tulis,contradiction,contradiction,contradiction,contradiction,contradiction,contradiction,Novel,Kakak Iparku Ayah Anakku by Suci Pratami
116,P3039,Aku sedang sibuk menggambar sebuah rancangan gaun di buku sketsa . Tanganku asyik dan lihai mencoret - coret dan melukis di buku gambar tersebut . ,H339003,Sketsa gaun sedang aku gambar di buku gambar,entailment,entailment,entailment,entailment,entailment,entailment,Novel,Kakak Iparku Ayah Anakku by Suci Pratami
117,P3040,"Awal tahun 1948, Muso baru kembali dari Moskwa dengan menawarkan doktrin “Jalan Baru” sebagai strategi perjuangan bangsa yang berbeda dari strategi yang dijalankan pemerintah Soekarno-Hatta.",H340001,"Muso menawarkan doktrin ""Jalan Lama""",contradiction,contradiction,contradiction,contradiction,contradiction,contradiction,Buku,Buku Sejarah Indonesia (ISBN 978-602-282-107-6)
118,P3040,"Awal tahun 1948, Muso baru kembali dari Moskwa dengan menawarkan doktrin “Jalan Baru” sebagai strategi perjuangan bangsa yang berbeda dari strategi yang dijalankan pemerintah Soekarno-Hatta.",H340002,Muso kembali dari Moskwa,entailment,entailment,entailment,entailment,neutral,entailment,Buku,Buku Sejarah Indonesia (ISBN 978-602-282-107-6)
119,P3040,"Awal tahun 1948, Muso baru kembali dari Moskwa dengan menawarkan doktrin “Jalan Baru” sebagai strategi perjuangan bangsa yang berbeda dari strategi yang dijalankan pemerintah Soekarno-Hatta.",H340003,Soekarno-Hatta memiliki startegi pemerintah,neutral,neutral,neutral,neutral,neutral,neutral,Buku,Buku Sejarah Indonesia (ISBN 978-602-282-107-6)
120,P3041,Belanda melancarkan agresi militer dengan menduduki ibu kota Yogyakarta pada 19 Desember 1948.,H341001,Belanda melancarkan agresi militer pada tahun 1948,entailment,entailment,entailment,entailment,entailment,entailment,Buku,Buku Sejarah Indonesia (ISBN 978-602-282-107-6)
121,P3041,Belanda melancarkan agresi militer dengan menduduki ibu kota Yogyakarta pada 19 Desember 1948.,H341002,Belanda ingin menduduki ibu kota Jakarta,contradiction,contradiction,contradiction,contradiction,contradiction,contradiction,Buku,Buku Sejarah Indonesia (ISBN 978-602-282-107-6)
122,P3041,Belanda melancarkan agresi militer dengan menduduki ibu kota Yogyakarta pada 19 Desember 1948.,H341003,Agresi yang dilakukan Belanda bertujuan menduduki Yogyakarta,neutral,neutral,neutral,entailment,entailment,neutral,Buku,Buku Sejarah Indonesia (ISBN 978-602-282-107-6)
123,P3042,"Siang itu, aku sedang duduk di depan televisi, menenton seorang wanita dengan mikrofon yang dipegangnya di depan dada, membaca sebuah berita.",H342001,Aku menonton televisi malam hari,contradiction,contradiction,contradiction,contradiction,contradiction,contradiction,Novel,Kenangan Semusim by Yas.
124,P3042,"Siang itu, aku sedang duduk di depan televisi, menenton seorang wanita dengan mikrofon yang dipegangnya di depan dada, membaca sebuah berita.",H342002,Aku menonton acara berita,neutral,neutral,entailment,neutral,entailment,neutral,Novel,Kenangan Semusim by Yas.
125,P3042,"Siang itu, aku sedang duduk di depan televisi, menenton seorang wanita dengan mikrofon yang dipegangnya di depan dada, membaca sebuah berita.",H342003,Perempuan tersebut adalah Presenter Berita,entailment,entailment,entailment,neutral,entailment,entailment,Novel,Kenangan Semusim by Yas.
126,P3043,Aku senang melihat ekspresi yang dikeluarkan papa saat dia berdebat tentang siapa yang akan menang dalam persaingan di luar sana,H343001,Aku sedang melihat papa,neutral,neutral,neutral,entailment,entailment,neutral,Novel,Kenangan Semusim by Yas.
127,P3043,Aku senang melihat ekspresi yang dikeluarkan papa saat dia berdebat tentang siapa yang akan menang dalam persaingan di luar sana,H343002,Papa ikut bersaing di luar sana,contradiction,contradiction,contradiction,contradiction,contradiction,contradiction,Novel,Kenangan Semusim by Yas.
128,P3043,Aku senang melihat ekspresi yang dikeluarkan papa saat dia berdebat tentang siapa yang akan menang dalam persaingan di luar sana,H343003,Papa seorang wartawan,neutral,entailment,neutral,contradiction,neutral,neutral,Novel,Kenangan Semusim by Yas.
129,P3044,"Aku sedah berbaris, memandangi kakak-kakak kelas yang sibuk mondar-mandir di depan sambil melantunkan beberapa peraturan yang dibuat selama 3 hari MOS",H344001,Aku seorang murid baru sekolah,neutral,entailment,neutral,entailment,entailment,entailment,Novel,Yesterday Love by Indi Vidyafi (ISBN 978-602-443-487-8)
130,P3044,"Aku sedah berbaris, memandangi kakak-kakak kelas yang sibuk mondar-mandir di depan sambil melantunkan beberapa peraturan yang dibuat selama 3 hari MOS",H344002,Aku sedang mendengarkan peraturan MOS yang dibuat selama 4 Hari,contradiction,contradiction,contradiction,contradiction,contradiction,contradiction,Novel,Yesterday Love by Indi Vidyafi (ISBN 978-602-443-487-8)
131,P3044,"Aku sedah berbaris, memandangi kakak-kakak kelas yang sibuk mondar-mandir di depan sambil melantunkan beberapa peraturan yang dibuat selama 3 hari MOS",H344003,Kakak kelas sedang tidak sibuk dikelas,contradiction,contradiction,contradiction,contradiction,contradiction,contradiction,Novel,Yesterday Love by Indi Vidyafi (ISBN 978-602-443-487-8)
132,P3045,"Ya, aku dengar kakak - kakak kelas membicarakan Bara yang katanya pernah membuat onar dengan teman satu sekolahnya, sampai-sampai temannya itu pindah sekolah",H345001,Bara membuat onar di sekolahnya,entailment,entailment,entailment,neutral,neutral,entailment,Novel,Yesterday Love by Indi Vidyafi (ISBN 978-602-443-487-8)
133,P3045,"Ya, aku dengar kakak - kakak kelas membicarakan Bara yang katanya pernah membuat onar dengan teman satu sekolahnya, sampai-sampai temannya itu pindah sekolah",H345002,Bara seorang murid yang baik dan pintar,contradiction,contradiction,neutral,contradiction,neutral,contradiction,Novel,Yesterday Love by Indi Vidyafi (ISBN 978-602-443-487-8)
134,P3045,"Ya, aku dengar kakak - kakak kelas membicarakan Bara yang katanya pernah membuat onar dengan teman satu sekolahnya, sampai-sampai temannya itu pindah sekolah",H345003,Kakak kelas membicaran kelakuan temannya,neutral,neutral,contradiction,contradiction,neutral,neutral,Novel,Yesterday Love by Indi Vidyafi (ISBN 978-602-443-487-8)
135,P3046,Masa Orientasi Siswa sudah selesai . Sekolah kembali berlangsung normal . Siswa baru sudah mulai membaur dan menyesuaikan diri dengan lingkungannya .,H346001,Siswa baru sudah selesai Masa Orientasi Siswa,entailment,entailment,entailment,neutral,entailment,entailment,Novel,Yesterday Love by Indi Vidyafi (ISBN 978-602-443-487-8)
136,P3046,Masa Orientasi Siswa sudah selesai . Sekolah kembali berlangsung normal . Siswa baru sudah mulai membaur dan menyesuaikan diri dengan lingkungannya .,H346002,Siswa baru akan melaksanakan Ujian Akhir Semester,contradiction,contradiction,contradiction,contradiction,contradiction,contradiction,Novel,Yesterday Love by Indi Vidyafi (ISBN 978-602-443-487-8)
137,P3046,Masa Orientasi Siswa sudah selesai . Sekolah kembali berlangsung normal . Siswa baru sudah mulai membaur dan menyesuaikan diri dengan lingkungannya .,H346003,Siswa baru mulai belajar di kelas,neutral,neutral,entailment,neutral,neutral,neutral,Novel,Yesterday Love by Indi Vidyafi (ISBN 978-602-443-487-8)
138,P3047,"Aku juga nggak mungkin jadi pacar apalagi suami kamu . Maaf, kamu bukan tipe ideal untuk jadi pacar atau isteriku . Kamu ku anggap hanya sebagai sahabatku",H347001,Aku sudah beristri,contradiction,contradiction,contradiction,neutral,contradiction,contradiction,Novel,Anak Dengan Temanku by Sabana Liar
139,P3047,"Aku juga nggak mungkin jadi pacar apalagi suami kamu . Maaf, kamu bukan tipe ideal untuk jadi pacar atau isteriku . Kamu ku anggap hanya sebagai sahabatku",H347002,Aku adalah sahabat terbaikmu,neutral,neutral,neutral,entailment,neutral,neutral,Novel,Anak Dengan Temanku by Sabana Liar
140,P3047,"Aku juga nggak mungkin jadi pacar apalagi suami kamu . Maaf, kamu bukan tipe ideal untuk jadi pacar atau isteriku . Kamu ku anggap hanya sebagai sahabatku",H347003,Kamu bukan tipe ideal dari pacarku nanti,entailment,entailment,neutral,entailment,neutral,entailment,Novel,Anak Dengan Temanku by Sabana Liar
141,P3048,"Bulan ini penjualan bukunya di google playbook sangat banyak.  11 juta untuk bulan ini yang didapat Caca.  Padahal belum ada buku baru yang diselesaikan Caca, dan diunggah di google playbook.",H348001,Caca adalah seorang penulis buku,entailment,entailment,entailment,entailment,neutral,entailment,Novel,Anak Dengan Temanku by Sabana Liar
142,P3048,"Bulan ini penjualan bukunya di google playbook sangat banyak.  11 juta untuk bulan ini yang didapat Caca.  Padahal belum ada buku baru yang diselesaikan Caca, dan diunggah di google playbook.",H348002,Penjualan buku yang ditulis caca menurun,contradiction,contradiction,contradiction,contradiction,contradiction,contradiction,Novel,Anak Dengan Temanku by Sabana Liar
143,P3048,"Bulan ini penjualan bukunya di google playbook sangat banyak.  11 juta untuk bulan ini yang didapat Caca.  Padahal belum ada buku baru yang diselesaikan Caca, dan diunggah di google playbook.",H348003,Caca menjual buku,neutral,neutral,neutral,neutral,entailment,neutral,Novel,Anak Dengan Temanku by Sabana Liar
144,P3049,"Di tangan Caca yang Caca tenteng saat ini , ada bubur ayam 1 porsi , gorengan , dan nasi kuning 2 porsi .",H349001,Caca akan makan,neutral,neutral,neutral,entailment,neutral,neutral,Novel,Anak Dengan Temanku by Sabana Liar
145,P3049,"Di tangan Caca yang Caca tenteng saat ini , ada bubur ayam 1 porsi , gorengan , dan nasi kuning 2 porsi .",H349002,Caca membeli nasi goreng,contradiction,contradiction,contradiction,contradiction,contradiction,contradiction,Novel,Anak Dengan Temanku by Sabana Liar
146,P3049,"Di tangan Caca yang Caca tenteng saat ini , ada bubur ayam 1 porsi , gorengan , dan nasi kuning 2 porsi .",H349003,Caca baru saja membeli makanan,entailment,neutral,entailment,entailment,neutral,entailment,Novel,Anak Dengan Temanku by Sabana Liar
147,P3050,Anaknya sedang baring malas di atas sofa dengan setoples kue kering ada di atas perutnya .,H350001,Anaknya sedang tidur di kamar,contradiction,contradiction,contradiction,contradiction,contradiction,contradiction,Novel,Anak Dengan Temanku by Sabana Liar
148,P3050,Anaknya sedang baring malas di atas sofa dengan setoples kue kering ada di atas perutnya .,H350002,Kue kering di toples sudah habis ,neutral,contradiction,neutral,contradiction,contradiction,contradiction,Novel,Anak Dengan Temanku by Sabana Liar
149,P3050,Anaknya sedang baring malas di atas sofa dengan setoples kue kering ada di atas perutnya .,H350003,Anaknya sedang berada di atas sofa,entailment,entailment,neutral,entailment,neutral,entailment,Novel,Anak Dengan Temanku by Sabana Liar
150,P3051,"Tahun 1948 ditandai dengan pecahnya pemberontakan besar pertama setelah Indonesia merdeka, yaitu pemberontakan PKI di Madiun.",H351001,Pemberontakan terjadi di Aceh,contradiction,contradiction,contradiction,contradiction,contradiction,contradiction,Buku,Buku Sejarah Indonesia (ISBN 978-602-282-107-6)
151,P3051,"Tahun 1948 ditandai dengan pecahnya pemberontakan besar pertama setelah Indonesia merdeka, yaitu pemberontakan PKI di Madiun.",H351002,Pemberotakan besar sedang terjadi di Madiun,neutral,neutral,entailment,neutral,entailment,neutral,Buku,Buku Sejarah Indonesia (ISBN 978-602-282-107-6)
152,P3051,"Tahun 1948 ditandai dengan pecahnya pemberontakan besar pertama setelah Indonesia merdeka, yaitu pemberontakan PKI di Madiun.",H351003,PKI melakukan pemberontakan pada tahun 1948 di Madiun,entailment,entailment,entailment,entailment,neutral,entailment,Buku,Buku Sejarah Indonesia (ISBN 978-602-282-107-6)
153,P3052,"Di awal pemberontakan, pembunuhan terhadap pejabat pemerintah dan para pemimpin partai yang anti komunis terjadi.",H352001,Para pemimpin partai selamat dari pemberontakan,contradiction,contradiction,contradiction,contradiction,contradiction,contradiction,Buku,Buku Sejarah Indonesia (ISBN 978-602-282-107-6)
154,P3052,"Di awal pemberontakan, pembunuhan terhadap pejabat pemerintah dan para pemimpin partai yang anti komunis terjadi.",H352002,Pemberontakan menyerang Pejabat pemerintah dan pemimpin partai yang anti komunis,entailment,entailment,entailment,entailment,neutral,entailment,Buku,Buku Sejarah Indonesia (ISBN 978-602-282-107-6)
155,P3052,"Di awal pemberontakan, pembunuhan terhadap pejabat pemerintah dan para pemimpin partai yang anti komunis terjadi.",H352003,Pejabat pemerintah dan pemimpin partai tidak selamat,entailment,entailment,entailment,neutral,entailment,entailment,Buku,Buku Sejarah Indonesia (ISBN 978-602-282-107-6)
156,P3053,"Mayat berjenis kelamin laki-laki tanpa identitas ditemukan mengapung di tambak milik salah satu warga dengan kondisi telanjang dada dan hanya mengenakan celana dalam.
",H353001,Mayat ditemukan dengan kondisi rapi,contradiction,contradiction,contradiction,contradiction,contradiction,contradiction,Berita,https://bali.tribunnews.com/2021/03/11/geger-penemuan-mayat-tanpa-busana-3-hari-berturut-turut-salah-satunya-mengapung-di-tambak-warga.
157,P3053,"Mayat berjenis kelamin laki-laki tanpa identitas ditemukan mengapung di tambak milik salah satu warga dengan kondisi telanjang dada dan hanya mengenakan celana dalam.
",H353002,Mayat seorang remaja ditemukan warga,neutral,neutral,entailment,entailment,neutral,neutral,Berita,https://bali.tribunnews.com/2021/03/11/geger-penemuan-mayat-tanpa-busana-3-hari-berturut-turut-salah-satunya-mengapung-di-tambak-warga.
158,P3053,"Mayat berjenis kelamin laki-laki tanpa identitas ditemukan mengapung di tambak milik salah satu warga dengan kondisi telanjang dada dan hanya mengenakan celana dalam.
",H353003,Mayat itu ditemukan di tambak,entailment,entailment,entailment,entailment,entailment,entailment,Berita,https://bali.tribunnews.com/2021/03/11/geger-penemuan-mayat-tanpa-busana-3-hari-berturut-turut-salah-satunya-mengapung-di-tambak-warga.
159,P3054,Terawan selaku Ketua Tim Pengembang Vaksin Nusantara menyatakan vaksin Nusantara yang kini tengah dikembangkan pihaknya beserta RSUP dr Kariadi Semarang Universitas Diponegoro.,H354001,Terawan mengembangakan Vaksin Nusantara,neutral,neutral,entailment,neutral,entailment,neutral,Berita,https://bali.tribunnews.com/2021/03/11/terawan-akhirnya-bicara-dan-tanggapi-soal-vaksin-covid-19-nusantara-sebut-sangat-aman.
160,P3054,Terawan selaku Ketua Tim Pengembang Vaksin Nusantara menyatakan vaksin Nusantara yang kini tengah dikembangkan pihaknya beserta RSUP dr Kariadi Semarang Universitas Diponegoro.,H354002,Vaksin Nusantara sudah siap digunakan,contradiction,contradiction,contradiction,neutral,contradiction,contradiction,Berita,https://bali.tribunnews.com/2021/03/11/terawan-akhirnya-bicara-dan-tanggapi-soal-vaksin-covid-19-nusantara-sebut-sangat-aman.
161,P3054,Terawan selaku Ketua Tim Pengembang Vaksin Nusantara menyatakan vaksin Nusantara yang kini tengah dikembangkan pihaknya beserta RSUP dr Kariadi Semarang Universitas Diponegoro.,H354003,Terawan adalah Ketua Tim Pengembang Vaksin Nusantara,entailment,entailment,neutral,entailment,neutral,entailment,Berita,https://bali.tribunnews.com/2021/03/11/terawan-akhirnya-bicara-dan-tanggapi-soal-vaksin-covid-19-nusantara-sebut-sangat-aman.
162,P3055,Tokoh Kahar Muzakkar sendiri pada masa perang kemerdekaan pernah berjuang di Jawa bahkan menjadi komandan Komando Grup Sulawesi Selatan yang bermarkas di Yogyakarta.,H355001,Kahar Muzakkar adalah komandan Komando Grup Sulawesi Selatan,contradiction,contradiction,contradiction,contradiction,contradiction,contradiction,Buku,Buku Sejarah Indonesia (ISBN 978-602-282-107-6)
163,P3055,Tokoh Kahar Muzakkar sendiri pada masa perang kemerdekaan pernah berjuang di Jawa bahkan menjadi komandan Komando Grup Sulawesi Selatan yang bermarkas di Yogyakarta.,H355002,Kahar Muzakkar pernah berjuang di Jawa,neutral,neutral,entailment,neutral,entailment,neutral,Buku,Buku Sejarah Indonesia (ISBN 978-602-282-107-6)
164,P3055,Tokoh Kahar Muzakkar sendiri pada masa perang kemerdekaan pernah berjuang di Jawa bahkan menjadi komandan Komando Grup Sulawesi Selatan yang bermarkas di Yogyakarta.,H355003,Markas Komando yang dikomandani Kahar Musakkar berada di Yogyakarta,entailment,entailment,entailment,entailment,neutral,entailment,Buku,Buku Sejarah Indonesia (ISBN 978-602-282-107-6)
165,P3056,"Selama masa pemberontakan, Kahar Muzakkar pada tanggal 7 Agustus 1953 menyatakan diri sebagai bagian dari Negara Islam Indonesia Kartosuwiryo. ",H356001,Kahar Muzakkar melakukan pemberontakan pada tanggal 7 Agustus 1954,contradiction,contradiction,contradiction,contradiction,contradiction,contradiction,Buku,Buku Sejarah Indonesia (ISBN 978-602-282-107-6)
166,P3056,"Selama masa pemberontakan, Kahar Muzakkar pada tanggal 7 Agustus 1953 menyatakan diri sebagai bagian dari Negara Islam Indonesia Kartosuwiryo. ",H356002,Negara Islam Indonesia Kartosuwiryo didirikan pada tahun 1953,contradiction,contradiction,contradiction,contradiction,neutral,contradiction,Buku,Buku Sejarah Indonesia (ISBN 978-602-282-107-6)
167,P3056,"Selama masa pemberontakan, Kahar Muzakkar pada tanggal 7 Agustus 1953 menyatakan diri sebagai bagian dari Negara Islam Indonesia Kartosuwiryo. ",H356003,Kahar Muzakkar melakukan pemberontakan dengan menyatakan dirinya sebagai bagian Negara Islam,entailment,entailment,entailment,neutral,entailment,entailment,Buku,Buku Sejarah Indonesia (ISBN 978-602-282-107-6)
168,P3057,"Aku langsung mengernyit mendengar nama Kevin disebut . "" Ah , gue nggak suka sama cowok yang suka tebar pesona kayak dia . Dia keliatannya aja keren , aslinya dia itu nggak keren . """,H357001,Aku membenci Kevin,entailment,entailment,neutral,entailment,neutral,entailment,Novel,Yesterday Love by Indi Vidyafi (ISBN 978-602-443-487-8)
169,P3057,"Aku langsung mengernyit mendengar nama Kevin disebut . "" Ah , gue nggak suka sama cowok yang suka tebar pesona kayak dia . Dia keliatannya aja keren , aslinya dia itu nggak keren . """,H357002,Kevin adalah orang yang sombong,entailment,neutral,entailment,neutral,neutral,neutral,Novel,Yesterday Love by Indi Vidyafi (ISBN 978-602-443-487-8)
170,P3057,"Aku langsung mengernyit mendengar nama Kevin disebut . "" Ah , gue nggak suka sama cowok yang suka tebar pesona kayak dia . Dia keliatannya aja keren , aslinya dia itu nggak keren . """,H357003,Kevin adalah orang yang keren,contradiction,contradiction,contradiction,contradiction,contradiction,contradiction,Novel,Yesterday Love by Indi Vidyafi (ISBN 978-602-443-487-8)
171,P3058,Aku mengambil buku berukuran B5 dengan sampul berwarna hitam polos yang terletak di atas nakas .,H358001,Aku mempunyai Buku B5,entailment,neutral,neutral,entailment,neutral,neutral,Novel,Yesterday Love by Indi Vidyafi (ISBN 978-602-443-487-8)
172,P3058,Aku mengambil buku berukuran B5 dengan sampul berwarna hitam polos yang terletak di atas nakas .,H358002,Buku berukuran A5 terletak di Lemari,contradiction,contradiction,contradiction,contradiction,contradiction,contradiction,Novel,Yesterday Love by Indi Vidyafi (ISBN 978-602-443-487-8)
173,P3058,Aku mengambil buku berukuran B5 dengan sampul berwarna hitam polos yang terletak di atas nakas .,H358003,Aku mengambil buku,neutral,neutral,entailment,entailment,entailment,entailment,Novel,Yesterday Love by Indi Vidyafi (ISBN 978-602-443-487-8)
174,P3059,Apa karena Caca terlalu cinta pada laki - laki yang tidak pernah Caca sedikitpun tahu kabarnya selama 7 tahun panjang yang sudah berlalu .,H359001,Caca mencintai laki - laki yang tidak pernah ia temui,neutral,neutral,entailment,entailment,entailment,entailment,Novel,Anak Dengan Temanku by Sabana Liar
175,P3059,Apa karena Caca terlalu cinta pada laki - laki yang tidak pernah Caca sedikitpun tahu kabarnya selama 7 tahun panjang yang sudah berlalu .,H359002,Suami Caca telah pergi selama 8 Tahun,contradiction,contradiction,contradiction,contradiction,contradiction,contradiction,Novel,Anak Dengan Temanku by Sabana Liar
176,P3059,Apa karena Caca terlalu cinta pada laki - laki yang tidak pernah Caca sedikitpun tahu kabarnya selama 7 tahun panjang yang sudah berlalu .,H359003,Suami Caca telah meninggal dunia,contradiction,contradiction,contradiction,neutral,contradiction,contradiction,Novel,Anak Dengan Temanku by Sabana Liar
177,P3060,"Mama Rion , Caca . Wanita muda itu sangat suka makanan pedas , dan juga harus wajib ada sambal di rumahnya .",H360001,Caca adalah seorang Ibu,entailment,entailment,entailment,entailment,entailment,entailment,Novel,Anak Dengan Temanku by Sabana Liar
178,P3060,"Mama Rion , Caca . Wanita muda itu sangat suka makanan pedas , dan juga harus wajib ada sambal di rumahnya .",H360002,Caca menyukai makanan manis,neutral,neutral,contradiction,neutral,contradiction,neutral,Novel,Anak Dengan Temanku by Sabana Liar
179,P3060,"Mama Rion , Caca . Wanita muda itu sangat suka makanan pedas , dan juga harus wajib ada sambal di rumahnya .",H360003,Caca membenci makanan pedas,contradiction,contradiction,contradiction,contradiction,contradiction,contradiction,Novel,Anak Dengan Temanku by Sabana Liar
180,P3061,"Hidupnya sangat bahagia selama 6 tahun ini , ekonominya stabil bahkan meningkat tajam selama 6 tahun ini .",H361001,Ekonominya menurun bahkan bangkrut,contradiction,contradiction,contradiction,contradiction,contradiction,contradiction,Novel,Anak Dengan Temanku by Sabana Liar
181,P3061,"Hidupnya sangat bahagia selama 6 tahun ini , ekonominya stabil bahkan meningkat tajam selama 6 tahun ini .",H361002,Dia hidup berkecukupan,neutral,neutral,entailment,entailment,neutral,neutral,Novel,Anak Dengan Temanku by Sabana Liar
182,P3061,"Hidupnya sangat bahagia selama 6 tahun ini , ekonominya stabil bahkan meningkat tajam selama 6 tahun ini .",H361003,Selama 6 tahun ekonominya stabil bahkan meningkat,entailment,entailment,entailment,neutral,entailment,entailment,Novel,Anak Dengan Temanku by Sabana Liar
183,P3062,"Cuaca hari ini begitu panas , sinar matahari begitu menyengat , rasanya membakar kulitku . Hanya perlu berjalan sedikit lagi hingga aku mencapai tempat parkir .",H362001,Aku sedang diam dikamar,contradiction,contradiction,contradiction,contradiction,contradiction,contradiction,Novel,You are Mine by Murly
184,P3062,"Cuaca hari ini begitu panas , sinar matahari begitu menyengat , rasanya membakar kulitku . Hanya perlu berjalan sedikit lagi hingga aku mencapai tempat parkir .",H362002,Cuaca hari itu sangat panas,neutral,neutral,entailment,neutral,entailment,neutral,Novel,You are Mine by Murly
185,P3062,"Cuaca hari ini begitu panas , sinar matahari begitu menyengat , rasanya membakar kulitku . Hanya perlu berjalan sedikit lagi hingga aku mencapai tempat parkir .",H362003,Aku sudah sampai tempat parkir,entailment,entailment,neutral,neutral,entailment,entailment,Novel,You are Mine by Murly
186,P3063,"Mobil ini cukup nyaman bagiku , ia sudah menemaniku selama 2 tahun terakhir ini , walaupun hanya mobil tua pemberian ibuku namun aku bersyukur memilikinya .",H363001,Mobil tua ini sudah menemaniku selama 3 tahun,contradiction,contradiction,contradiction,contradiction,contradiction,contradiction,Novel,You are Mine by Murly
187,P3063,"Mobil ini cukup nyaman bagiku , ia sudah menemaniku selama 2 tahun terakhir ini , walaupun hanya mobil tua pemberian ibuku namun aku bersyukur memilikinya .",H363002,Mobil tua itu diberikan oleh Ibuku,entailment,entailment,entailment,neutral,neutral,entailment,Novel,You are Mine by Murly
188,P3063,"Mobil ini cukup nyaman bagiku , ia sudah menemaniku selama 2 tahun terakhir ini , walaupun hanya mobil tua pemberian ibuku namun aku bersyukur memilikinya .",H363003,Aku senang menggunakan mobil itu,neutral,neutral,neutral,neutral,entailment,neutral,Novel,You are Mine by Murly
189,P3064,"Tadi pagi sebelum pergi mengantar surat lamaran kerjaku , aku hanya meminum segelas susu dan sepotong roti yang Ibuku siapkan di atas meja makan .",H364001,Aku sudah makan nasi goreng tadi,contradiction,contradiction,contradiction,contradiction,contradiction,contradiction,Novel,You are Mine by Murly
190,P3064,"Tadi pagi sebelum pergi mengantar surat lamaran kerjaku , aku hanya meminum segelas susu dan sepotong roti yang Ibuku siapkan di atas meja makan .",H364002,Pagi tadi aku mengantar surat lamaran kerja,entailment,entailment,entailment,entailment,entailment,entailment,Novel,You are Mine by Murly
191,P3064,"Tadi pagi sebelum pergi mengantar surat lamaran kerjaku , aku hanya meminum segelas susu dan sepotong roti yang Ibuku siapkan di atas meja makan .",H364003,Ibuku menyiapkan sarapan,entailment,entailment,entailment,entailment,neutral,entailment,Novel,You are Mine by Murly
192,P3065,Teori yang dikemukakan antara lain oleh Nugroho Notosusanto dan Ismail Saleh ini merupakan teori yang paling umum didengar mengenai kudeta tanggal 30 September 1965.,H365001,Kudeta dilakukan oleh Nugroho Notosusanto pada tahun1965,contradiction,contradiction,contradiction,contradiction,contradiction,contradiction,Buku,Buku Sejarah Indonesia (ISBN 978-602-282-107-6)
193,P3065,Teori yang dikemukakan antara lain oleh Nugroho Notosusanto dan Ismail Saleh ini merupakan teori yang paling umum didengar mengenai kudeta tanggal 30 September 1965.,H365002,Teori tersebut membahas mengenai Kudeta,entailment,entailment,entailment,entailment,entailment,entailment,Buku,Buku Sejarah Indonesia (ISBN 978-602-282-107-6)
194,P3065,Teori yang dikemukakan antara lain oleh Nugroho Notosusanto dan Ismail Saleh ini merupakan teori yang paling umum didengar mengenai kudeta tanggal 30 September 1965.,H365003,Nugroho Notosusanto dan Ismail Saleh adalah seorang Sejarahwan,neutral,neutral,neutral,entailment,neutral,neutral,Buku,Buku Sejarah Indonesia (ISBN 978-602-282-107-6)
195,P3066,"Aku sampai di tempatku bekerja , aku menghabiskan semua sarapanku yang di berikan oleh Bibi Mecy di dalam mobil selama perjalanan ke kantor .",H366001,Aku makan di mobil,neutral,neutral,neutral,entailment,neutral,neutral,Novel,You are Mine by Murly
196,P3066,"Aku sampai di tempatku bekerja , aku menghabiskan semua sarapanku yang di berikan oleh Bibi Mecy di dalam mobil selama perjalanan ke kantor .",H366002,Bibi mecy membuatkan sarapan untukku,entailment,entailment,entailment,entailment,entailment,entailment,Novel,You are Mine by Murly
197,P3066,"Aku sampai di tempatku bekerja , aku menghabiskan semua sarapanku yang di berikan oleh Bibi Mecy di dalam mobil selama perjalanan ke kantor .",H366003,Aku tidak sarapan tadi,contradiction,contradiction,contradiction,contradiction,contradiction,contradiction,Novel,You are Mine by Murly
198,P3067,"Bulan Agustus 1960 Masyumi dan Partai Sosialis Indonesia (PSI) yang merupakan partai pesaing PKI, dibubarkan pemerintah.",H367001,Masyumi merupakan partai non PKI,contradiction,contradiction,contradiction,contradiction,contradiction,contradiction,Buku,Buku Sejarah Indonesia (ISBN 978-602-282-107-6)
199,P3067,"Bulan Agustus 1960 Masyumi dan Partai Sosialis Indonesia (PSI) yang merupakan partai pesaing PKI, dibubarkan pemerintah.",H367002,Masyumi dan Partai Sosialis Indonesia (PSI) dibubarkan pemerintah.,neutral,neutral,neutral,entailment,neutral,neutral,Buku,Buku Sejarah Indonesia (ISBN 978-602-282-107-6)
200,P3067,"Bulan Agustus 1960 Masyumi dan Partai Sosialis Indonesia (PSI) yang merupakan partai pesaing PKI, dibubarkan pemerintah.",H367003,Masyumi dan Partai Sosialis Indonesia (PSI) di bubarkan pada tahun 1960,entailment,entailment,entailment,entailment,entailment,entailment,Buku,Buku Sejarah Indonesia (ISBN 978-602-282-107-6)
201,P3068,"Di dalam buku itu, aku sendiri menikmati cukup banyak momen-momen berharga yang diceritakan oleh lia.",H368001,Aku sedang membaca buku,entailment,entailment,entailment,entailment,entailment,entailment,Novel,"Milea, Suara Dari Dilan by Pidi Baiq"
202,P3068,"Di dalam buku itu, aku sendiri menikmati cukup banyak momen-momen berharga yang diceritakan oleh lia.",H368002,Aku menikmati momen-momen berharga dari lia,neutral,neutral,neutral,entailment,neutral,neutral,Novel,"Milea, Suara Dari Dilan by Pidi Baiq"
203,P3068,"Di dalam buku itu, aku sendiri menikmati cukup banyak momen-momen berharga yang diceritakan oleh lia.",H368003,Lia menceritakan momen berharganya,contradiction,contradiction,contradiction,contradiction,neutral,contradiction,Novel,"Milea, Suara Dari Dilan by Pidi Baiq"
204,P3069,"Pada 15 agustus 2015, Pidi Baiq datang ke rumahku. Kami ngobrol berdua cukup lama, terutama membahas buku itu, sampai kemudian dia bilang bahwa katanya dia nulis buku ""Suara Dilan""",H369001,Pidi Baiq berkunjung ke rumah ku pada 15 agustus 2015,entailment,entailment,entailment,neutral,neutral,entailment,Novel,"Milea, Suara Dari Dilan by Pidi Baiq"
205,P3069,"Pada 15 agustus 2015, Pidi Baiq datang ke rumahku. Kami ngobrol berdua cukup lama, terutama membahas buku itu, sampai kemudian dia bilang bahwa katanya dia nulis buku ""Suara Dilan""",H369002,Pidi Baiq adalah seorang penulis,neutral,neutral,neutral,neutral,neutral,neutral,Novel,"Milea, Suara Dari Dilan by Pidi Baiq"
206,P3069,"Pada 15 agustus 2015, Pidi Baiq datang ke rumahku. Kami ngobrol berdua cukup lama, terutama membahas buku itu, sampai kemudian dia bilang bahwa katanya dia nulis buku ""Suara Dilan""",H369003,Pidi Baiq berkunjung hanya untuk ngobrol,contradiction,contradiction,contradiction,contradiction,contradiction,contradiction,Novel,"Milea, Suara Dari Dilan by Pidi Baiq"
207,P3070,"Si Piyan emang gitu, menurut pribadiku dia itu sedikit lebih baik dari kuman, makanya jangan sampai kamu heran kalo ada banyak kuman yang mau ke dia",H370001,Piyan adalah orang yang jorok,entailment,entailment,entailment,entailment,entailment,entailment,Novel,"Milea, Suara Dari Dilan by Pidi Baiq"
208,P3070,"Si Piyan emang gitu, menurut pribadiku dia itu sedikit lebih baik dari kuman, makanya jangan sampai kamu heran kalo ada banyak kuman yang mau ke dia",H370002,Piyan lebih baik dari kuman,neutral,neutral,neutral,neutral,neutral,neutral,Novel,"Milea, Suara Dari Dilan by Pidi Baiq"
209,P3070,"Si Piyan emang gitu, menurut pribadiku dia itu sedikit lebih baik dari kuman, makanya jangan sampai kamu heran kalo ada banyak kuman yang mau ke dia",H370003,Piyan menyukai Kuman ,contradiction,contradiction,contradiction,contradiction,neutral,contradiction,Novel,"Milea, Suara Dari Dilan by Pidi Baiq"
210,P3071,"itu adalah rumah kami yang baru, yang kami tempati lima bulan yang lalu setelah rumahku yang di Jakarta Pusat dijual.",H371001,Kami baru pindah rumah selama lima bulan,entailment,entailment,neutral,entailment,neutral,entailment,Novel,Dilan Bagian Kedua: Dia Adalah Dilanku Tahun 1991 by Pidi Baiq
211,P3071,"itu adalah rumah kami yang baru, yang kami tempati lima bulan yang lalu setelah rumahku yang di Jakarta Pusat dijual.",H371002,Kami memiliki rumah baru,neutral,neutral,entailment,neutral,entailment,neutral,Novel,Dilan Bagian Kedua: Dia Adalah Dilanku Tahun 1991 by Pidi Baiq
212,P3071,"itu adalah rumah kami yang baru, yang kami tempati lima bulan yang lalu setelah rumahku yang di Jakarta Pusat dijual.",H371003,Rumah kami di jual,contradiction,contradiction,contradiction,contradiction,contradiction,contradiction,Novel,Dilan Bagian Kedua: Dia Adalah Dilanku Tahun 1991 by Pidi Baiq
213,P3072,"Pada bulan September tahun 1990, yaitu di sekolahku yang baru, yang ada di daerah Buah Batu, Bandung, aku mulai mengenal orang bernama Dilan.",H372001,"Sekolahku di daerah Buah Batu, Bandung ",entailment,entailment,entailment,neutral,entailment,entailment,Novel,Dilan Bagian Kedua: Dia Adalah Dilanku Tahun 1991 by Pidi Baiq
214,P3072,"Pada bulan September tahun 1990, yaitu di sekolahku yang baru, yang ada di daerah Buah Batu, Bandung, aku mulai mengenal orang bernama Dilan.",H372002,bulan September tahun 1990 aku mulai mengenal orang bernama Dilan,neutral,neutral,neutral,entailment,entailment,neutral,Novel,Dilan Bagian Kedua: Dia Adalah Dilanku Tahun 1991 by Pidi Baiq
215,P3072,"Pada bulan September tahun 1990, yaitu di sekolahku yang baru, yang ada di daerah Buah Batu, Bandung, aku mulai mengenal orang bernama Dilan.",H372003,Dilan adalah teman ku,contradiction,entailment,contradiction,neutral,contradiction,contradiction,Novel,Dilan Bagian Kedua: Dia Adalah Dilanku Tahun 1991 by Pidi Baiq
216,P3073,"Dilan yang aku maksud adalah yang dulu tinggal di perumahan Riung Bandung. Rambutnya sering terlihat berantakan, seperti gak pernah disisir selama hidupnya dan suka pake jaket jeans belel atau jaket Army Korea pemberian ayahnya yang tentara.",H373001,Dilan adalah orang asli Bandung ,contradiction,contradiction,entailment,contradiction,contradiction,contradiction,Novel,Dilan Bagian Kedua: Dia Adalah Dilanku Tahun 1991 by Pidi Baiq
217,P3073,"Dilan yang aku maksud adalah yang dulu tinggal di perumahan Riung Bandung. Rambutnya sering terlihat berantakan, seperti gak pernah disisir selama hidupnya dan suka pake jaket jeans belel atau jaket Army Korea pemberian ayahnya yang tentara.",H373002,Dilan adalah anak seorang Tentara,entailment,contradiction,entailment,contradiction,entailment,entailment,Novel,Dilan Bagian Kedua: Dia Adalah Dilanku Tahun 1991 by Pidi Baiq
218,P3073,"Dilan yang aku maksud adalah yang dulu tinggal di perumahan Riung Bandung. Rambutnya sering terlihat berantakan, seperti gak pernah disisir selama hidupnya dan suka pake jaket jeans belel atau jaket Army Korea pemberian ayahnya yang tentara.",H373003,Dilan suka menggunakan jaket belel atau jaket army Korea,neutral,neutral,entailment,neutral,neutral,neutral,Novel,Dilan Bagian Kedua: Dia Adalah Dilanku Tahun 1991 by Pidi Baiq
219,P3074,"Dilan juga sama, waktu itu masih remaja, yaitu masih anak remaja yang harus dimaklumi kalau punya jiwa berontak dan tidak suka diatur.",H374001,Dilan adalah anak remaja,entailment,entailment,entailment,neutral,neutral,entailment,Novel,Dilan Bagian Kedua: Dia Adalah Dilanku Tahun 1991 by Pidi Baiq
220,P3074,"Dilan juga sama, waktu itu masih remaja, yaitu masih anak remaja yang harus dimaklumi kalau punya jiwa berontak dan tidak suka diatur.",H374002,Dilan mengalami masa pubertas ,contradiction,neutral,neutral,neutral,entailment,neutral,Novel,Dilan Bagian Kedua: Dia Adalah Dilanku Tahun 1991 by Pidi Baiq
221,P3074,"Dilan juga sama, waktu itu masih remaja, yaitu masih anak remaja yang harus dimaklumi kalau punya jiwa berontak dan tidak suka diatur.",H374003,Dilan anak yang nakal ,contradiction,contradiction,contradiction,contradiction,neutral,contradiction,Novel,Dilan Bagian Kedua: Dia Adalah Dilanku Tahun 1991 by Pidi Baiq
222,P3075,Rigel tidak menyahut ataupun melakukan pembelaan sama sekali. Dia menatap guru yang ia pun tahu tidak menyukainya dengan kesal.,H375001,Rigel sedang di salahkan,entailment,neutral,entailment,neutral,neutral,neutral,Novel,Addicted by Clarisa Yani
223,P3075,Rigel tidak menyahut ataupun melakukan pembelaan sama sekali. Dia menatap guru yang ia pun tahu tidak menyukainya dengan kesal.,H375002,Rigel mengetahui guru yang tidak menyukainnya ,neutral,neutral,entailment,entailment,entailment,entailment,Novel,Addicted by Clarisa Yani
224,P3075,Rigel tidak menyahut ataupun melakukan pembelaan sama sekali. Dia menatap guru yang ia pun tahu tidak menyukainya dengan kesal.,H375003,Para guru menghukum Rigel ,contradiction,contradiction,contradiction,neutral,contradiction,contradiction,Novel,Addicted by Clarisa Yani
225,P3076,"Di ruangan BK, Randi duduk bersama kedua orang tuanya yang terus menyerocos mencari pembelaan atas anaknya pada sang guru.",H376001,orang tua Randi sedang di minta keterangan oleh guru BK,neutral,neutral,entailment,neutral,entailment,neutral,Novel,Addicted by Clarisa Yani
226,P3076,"Di ruangan BK, Randi duduk bersama kedua orang tuanya yang terus menyerocos mencari pembelaan atas anaknya pada sang guru.",H376002,Randi dan orang tuanya berada di ruang guru,entailment,entailment,entailment,neutral,entailment,entailment,Novel,Addicted by Clarisa Yani
227,P3076,"Di ruangan BK, Randi duduk bersama kedua orang tuanya yang terus menyerocos mencari pembelaan atas anaknya pada sang guru.",H376003,Randi akan di skors,contradiction,contradiction,contradiction,neutral,contradiction,contradiction,Novel,Addicted by Clarisa Yani
228,P3077,"Sebelum sampai kelas, Cindy pacar Randy menghampiri dengan membawakan satu botol air mineral. ",H377001,Randi sedang kehausan.,contradiction,contradiction,contradiction,contradiction,contradiction,contradiction,Novel,Addicted by Clarisa Yani
229,P3077,"Sebelum sampai kelas, Cindy pacar Randy menghampiri dengan membawakan satu botol air mineral. ",H377002,Randi dan Cindy adalah sepasang kekasih,entailment,entailment,neutral,entailment,entailment,entailment,Novel,Addicted by Clarisa Yani
230,P3077,"Sebelum sampai kelas, Cindy pacar Randy menghampiri dengan membawakan satu botol air mineral. ",H377003,Cindy dan Randi adalah anak sekolahan ,neutral,neutral,neutral,entailment,neutral,neutral,Novel,Addicted by Clarisa Yani
231,P3078,"Belum terselesaikan, dadanya telah rigel dorong kasar hingga terhempas keras ke tanah. ",H378001,Rigel akan berkelahi ,entailment,entailment,neutral,neutral,neutral,neutral,Novel,Addicted by Clarisa Yani
232,P3078,"Belum terselesaikan, dadanya telah rigel dorong kasar hingga terhempas keras ke tanah. ",H378002,Rigel adalah orang yang keras,contradiction,contradiction,contradiction,contradiction,entailment,contradiction,Novel,Addicted by Clarisa Yani
233,P3078,"Belum terselesaikan, dadanya telah rigel dorong kasar hingga terhempas keras ke tanah. ",H378003,Rigel sedang kesal ,neutral,entailment,entailment,contradiction,entailment,entailment,Novel,Addicted by Clarisa Yani
234,P3079,"Kita diciptakan Tuhan berdampingan, jadi kita harus tetap sama-sama dan tidak saling meninggalkan.",H379001,Kita memiliki kepercayaan kepada Tuhan ,entailment,neutral,entailment,neutral,neutral,neutral,Novel,Addicted by Clarisa Yani
235,P3079,"Kita diciptakan Tuhan berdampingan, jadi kita harus tetap sama-sama dan tidak saling meninggalkan.",H379002,Kita harus saling berdampingan ,neutral,entailment,entailment,entailment,entailment,entailment,Novel,Addicted by Clarisa Yani
236,P3079,"Kita diciptakan Tuhan berdampingan, jadi kita harus tetap sama-sama dan tidak saling meninggalkan.",H379003,Kita tidak percaya tuhan ,contradiction,contradiction,contradiction,contradiction,contradiction,contradiction,Novel,Addicted by Clarisa Yani
237,P3080,Orang Aries dikenal tidak bisa diam. Mereka suka menjadi pusat perhatian dan suka melakukan hal konyol,H380001,Orang Aries adalah orang yang hiperaktif,neutral,neutral,entailment,neutral,entailment,neutral,Berita,https://bali.tribunnews.com/2021/03/12/sifat-zodiak-leo-aries-gemini-dan-sagitarius-dikenal-ekstrovert-dan-suka-jadi-pusat-perhatian?page=2
238,P3080,Orang Aries dikenal tidak bisa diam. Mereka suka menjadi pusat perhatian dan suka melakukan hal konyol,H380002,Orang Aries suka melakukan hal konyol,entailment,entailment,entailment,entailment,neutral,entailment,Berita,https://bali.tribunnews.com/2021/03/12/sifat-zodiak-leo-aries-gemini-dan-sagitarius-dikenal-ekstrovert-dan-suka-jadi-pusat-perhatian?page=2
239,P3080,Orang Aries dikenal tidak bisa diam. Mereka suka menjadi pusat perhatian dan suka melakukan hal konyol,H380003,Orang Aries adalah orang narsis ,contradiction,contradiction,contradiction,contradiction,contradiction,contradiction,Berita,https://bali.tribunnews.com/2021/03/12/sifat-zodiak-leo-aries-gemini-dan-sagitarius-dikenal-ekstrovert-dan-suka-jadi-pusat-perhatian?page=2
240,P3081,"Masyarakat diimbau agar tetap waspada dan berhati-hati terhadap potensi cuaca ekstrem (puting beliung, hujan lebat disertai kilat/petir, hujan es, dll), dan dampak yang dapat ditimbulkannya",H381001,Masyarakat di himbau untuk berhati hati terhadap cuaca ekstrem,entailment,entailment,neutral,neutral,neutral,neutral,Berita,https://bali.tribunnews.com/2021/03/12/bmkg-waspada-potensi-cuaca-ekstrem-pada-periode-peralihan-musim
241,P3081,"Masyarakat diimbau agar tetap waspada dan berhati-hati terhadap potensi cuaca ekstrem (puting beliung, hujan lebat disertai kilat/petir, hujan es, dll), dan dampak yang dapat ditimbulkannya",H381002,Masyarakat sedang berada dalam bencana alam,contradiction,contradiction,neutral,neutral,contradiction,contradiction,Berita,https://bali.tribunnews.com/2021/03/12/bmkg-waspada-potensi-cuaca-ekstrem-pada-periode-peralihan-musim
242,P3081,"Masyarakat diimbau agar tetap waspada dan berhati-hati terhadap potensi cuaca ekstrem (puting beliung, hujan lebat disertai kilat/petir, hujan es, dll), dan dampak yang dapat ditimbulkannya",H381003,"Puting beling, hujan lebat disertai kilat/petir, hujan es merupakan cuaca ekstrem",neutral,entailment,entailment,neutral,entailment,entailment,Berita,https://bali.tribunnews.com/2021/03/12/bmkg-waspada-potensi-cuaca-ekstrem-pada-periode-peralihan-musim
243,P3082,Bulan ini penjualan bukunya di google playbook sangat banyak. 11 juta untuk bulan ini yang caca dapatkan.,H382001,Caca menjual Bukunya di Goole Playbook,entailment,entailment,neutral,neutral,entailment,entailment,Novel,Anak dengan Temanku by Sabanaliar
244,P3082,Bulan ini penjualan bukunya di google playbook sangat banyak. 11 juta untuk bulan ini yang caca dapatkan.,H382002,Caca adalah seorang penulis,neutral,neutral,neutral,neutral,neutral,neutral,Novel,Anak dengan Temanku by Sabanaliar
245,P3082,Bulan ini penjualan bukunya di google playbook sangat banyak. 11 juta untuk bulan ini yang caca dapatkan.,H382003,penjualan Buku Caca tidaklah laris,contradiction,contradiction,contradiction,contradiction,contradiction,contradiction,Novel,Anak dengan Temanku by Sabanaliar
246,P3083,"Buku-buku yang sudah lama terbit, dan yang terbit 2 bulan yang lalu yang banyak laku. Sehingga bisa mendapatkan uang sebanyak itu.",H383001,Penjualan Buku lebih laris yang 2 bulan lalu,neutral,neutral,entailment,entailment,neutral,neutral,Novel,Anak dengan Temanku by Sabanaliar
247,P3083,"Buku-buku yang sudah lama terbit, dan yang terbit 2 bulan yang lalu yang banyak laku. Sehingga bisa mendapatkan uang sebanyak itu.",H383002,Keuntungan Buku Caca sangatlah banyak ,entailment,entailment,entailment,neutral,neutral,entailment,Novel,Anak dengan Temanku by Sabanaliar
248,P3083,"Buku-buku yang sudah lama terbit, dan yang terbit 2 bulan yang lalu yang banyak laku. Sehingga bisa mendapatkan uang sebanyak itu.",H383003,Buku Caca sebelum 2 bulan lalu tidak laku,contradiction,neutral,contradiction,neutral,contradiction,contradiction,Novel,Anak dengan Temanku by Sabanaliar
249,P3084,"Bahan makanan sudah habis, membuat Caca subuh-subuh sekali ke ATM karena di dompetnya tidak ada uang tunai.",H384001,Caca ke ATM karena didompetnya tidak ada uang tunai ,entailment,entailment,neutral,neutral,entailment,entailment,Novel,Anak dengan Temanku by Sabanaliar
250,P3084,"Bahan makanan sudah habis, membuat Caca subuh-subuh sekali ke ATM karena di dompetnya tidak ada uang tunai.",H384002,Caca tidak pernah menyimpan uang di dompet,contradiction,contradiction,neutral,contradiction,contradiction,contradiction,Novel,Anak dengan Temanku by Sabanaliar
251,P3084,"Bahan makanan sudah habis, membuat Caca subuh-subuh sekali ke ATM karena di dompetnya tidak ada uang tunai.",H384003,Caca mengambil uang ke ATM karena akan membeli bahan makanan,neutral,neutral,neutral,neutral,neutral,neutral,Novel,Anak dengan Temanku by Sabanaliar
252,P3085,Universitas Islam Negeri (UIN) Maulana Malik Ibrahim Malang membubarkan unit kegiatan Mahasiswa (UKM) Pencak silat Pagar Nusa.,H385001,Kegiatan UKM Pencak Silat Pagar Nusa di bubarkan,entailment,entailment,entailment,entailment,neutral,entailment,Berita,https://bali.tribunnews.com/2021/03/13/dua-mahasiswa-meninggal-saat-ikuti-diklat-uin-malang-bakal-bubarkan-ukm-pencak-silat-pagar-nusa
253,P3085,Universitas Islam Negeri (UIN) Maulana Malik Ibrahim Malang membubarkan unit kegiatan Mahasiswa (UKM) Pencak silat Pagar Nusa.,H385002,Universitas Islam Negeri (UIN) Memiliki UKM Pencak Silat,neutral,neutral,neutral,entailment,entailment,neutral,Berita,https://bali.tribunnews.com/2021/03/13/dua-mahasiswa-meninggal-saat-ikuti-diklat-uin-malang-bakal-bubarkan-ukm-pencak-silat-pagar-nusa
254,P3085,Universitas Islam Negeri (UIN) Maulana Malik Ibrahim Malang membubarkan unit kegiatan Mahasiswa (UKM) Pencak silat Pagar Nusa.,H385003,UKM Pencak silat Pagar Nusa akan di kembangkan,contradiction,contradiction,contradiction,contradiction,contradiction,contradiction,Berita,https://bali.tribunnews.com/2021/03/13/dua-mahasiswa-meninggal-saat-ikuti-diklat-uin-malang-bakal-bubarkan-ukm-pencak-silat-pagar-nusa
255,P3086,"Chelsea gagal meraih 3 poin dalam lanjutan kompetisi Liga Inggris Sabtu malam 13 Maret 2021.

",H386001,Chelsea mengikuti Kompetisi Liga Inggris,entailment,neutral,entailment,neutral,neutral,neutral,Berita,https://bali.tribunnews.com/2021/03/14/chelsea-gagal-raih-3-poin-thomas-tuchel-keluhkan-lapangan-licin-dan-tidak-rata
256,P3086,"Chelsea gagal meraih 3 poin dalam lanjutan kompetisi Liga Inggris Sabtu malam 13 Maret 2021.

",H386002,Chelsea mendapatkan 3 poin lanjutan Kompetisi Liga Inggris,contradiction,contradiction,neutral,contradiction,contradiction,contradiction,Berita,https://bali.tribunnews.com/2021/03/14/chelsea-gagal-raih-3-poin-thomas-tuchel-keluhkan-lapangan-licin-dan-tidak-rata
257,P3086,"Chelsea gagal meraih 3 poin dalam lanjutan kompetisi Liga Inggris Sabtu malam 13 Maret 2021.

",H386003,Chelsea gagal lolos Kompetisi Liga Inggris,entailment,entailment,entailment,entailment,entailment,entailment,Berita,https://bali.tribunnews.com/2021/03/14/chelsea-gagal-raih-3-poin-thomas-tuchel-keluhkan-lapangan-licin-dan-tidak-rata
258,P3087,"Menurut NASA, Badan Antariksa Amerika Serikat, hasil pengamatan yang lebih baru menunjukkan asteroid tersebut kemungkinan berukuran antara 1.300 dan 2.230 kaki atau 396-679 meter.",H387001,NASA Meneliti Asteroid,contradiction,neutral,neutral,entailment,neutral,neutral,Berita,https://bali.tribunnews.com/2021/03/13/asteroid-terbesar-yang-berpotensi-bahaya-berada-paling-dekat-dengan-bumi-21-maret-nanti
259,P3087,"Menurut NASA, Badan Antariksa Amerika Serikat, hasil pengamatan yang lebih baru menunjukkan asteroid tersebut kemungkinan berukuran antara 1.300 dan 2.230 kaki atau 396-679 meter.",H387002,NASA mengamati Asteroid itu berbahaya,contradiction,contradiction,entailment,contradiction,entailment,contradiction,Berita,https://bali.tribunnews.com/2021/03/13/asteroid-terbesar-yang-berpotensi-bahaya-berada-paling-dekat-dengan-bumi-21-maret-nanti
260,P3087,"Menurut NASA, Badan Antariksa Amerika Serikat, hasil pengamatan yang lebih baru menunjukkan asteroid tersebut kemungkinan berukuran antara 1.300 dan 2.230 kaki atau 396-679 meter.",H387003,Batu Asteroid tersebut berukuran 296-679 meter.,entailment,entailment,entailment,entailment,entailment,entailment,Berita,https://bali.tribunnews.com/2021/03/13/asteroid-terbesar-yang-berpotensi-bahaya-berada-paling-dekat-dengan-bumi-21-maret-nanti
261,P3088,"Dilaporkan pula benda langit ini melaju dengan kecepatan yang mengejutkan yakni hampir 77.000 mil per jam, yang juga menjadikannya sebagai asteroid tercepat yang terbang melewati Bumi tahun ini.",H388001,Asteroid ini memiliki kecepatan yang mengejutkan.,entailment,contradiction,neutral,neutral,neutral,neutral,Berita,https://bali.tribunnews.com/2021/03/13/asteroid-terbesar-yang-berpotensi-bahaya-berada-paling-dekat-dengan-bumi-21-maret-nanti
262,P3088,"Dilaporkan pula benda langit ini melaju dengan kecepatan yang mengejutkan yakni hampir 77.000 mil per jam, yang juga menjadikannya sebagai asteroid tercepat yang terbang melewati Bumi tahun ini.",H388002,Asteroid tercepat yang terbang melewati Bumi tahun ini.,entailment,entailment,entailment,entailment,entailment,entailment,Berita,https://bali.tribunnews.com/2021/03/13/asteroid-terbesar-yang-berpotensi-bahaya-berada-paling-dekat-dengan-bumi-21-maret-nanti
263,P3088,"Dilaporkan pula benda langit ini melaju dengan kecepatan yang mengejutkan yakni hampir 77.000 mil per jam, yang juga menjadikannya sebagai asteroid tercepat yang terbang melewati Bumi tahun ini.",H388003,Asteroid tercepat adalah tahun lalu ,contradiction,contradiction,contradiction,neutral,contradiction,contradiction,Berita,https://bali.tribunnews.com/2021/03/13/asteroid-terbesar-yang-berpotensi-bahaya-berada-paling-dekat-dengan-bumi-21-maret-nanti
264,P3089,"Arsenal harus berhati-hati dalam laga kali ini, karena jika melihat catatan pertemuan kedua tim, Meriam London kalah 2-0 di Stadion Tottenham Hotspur, Desember lalu.",H389001,Tottenham dan Arsenal akan bertanding kali ini,entailment,neutral,neutral,neutral,neutral,neutral,Berita,https://bali.tribunnews.com/2021/03/13/prediksi-arsenal-vs-tottenham-hotspur-derbi-london-utara-jilid-ii-arsenal-akan-balas-dendam
265,P3089,"Arsenal harus berhati-hati dalam laga kali ini, karena jika melihat catatan pertemuan kedua tim, Meriam London kalah 2-0 di Stadion Tottenham Hotspur, Desember lalu.",H389002,Arsenal (Meriam London) berhati hati karena pernah kalah,neutral,entailment,neutral,neutral,entailment,neutral,Berita,https://bali.tribunnews.com/2021/03/13/prediksi-arsenal-vs-tottenham-hotspur-derbi-london-utara-jilid-ii-arsenal-akan-balas-dendam
266,P3089,"Arsenal harus berhati-hati dalam laga kali ini, karena jika melihat catatan pertemuan kedua tim, Meriam London kalah 2-0 di Stadion Tottenham Hotspur, Desember lalu.",H389003,"Meriam London menang 2-0 di Stadion Tottenham Hotspur, Desember lalu",contradiction,contradiction,contradiction,contradiction,contradiction,contradiction,Berita,https://bali.tribunnews.com/2021/03/13/prediksi-arsenal-vs-tottenham-hotspur-derbi-london-utara-jilid-ii-arsenal-akan-balas-dendam
267,P3090,Industri perkapalan siap memproduksi jenis kapal untuk mengatasi kapal yang akan dibesituakan,H390001,Industri Perkapalan akan memproduksi kapal baru,entailment,entailment,contradiction,entailment,entailment,entailment,Buku,Buku Bahasa Indonesia (ISBN 978-602-8566-84-1)
268,P3090,Industri perkapalan siap memproduksi jenis kapal untuk mengatasi kapal yang akan dibesituakan,H390002,Industri Perkapalan akan stop produksi ,contradiction,contradiction,contradiction,contradiction,contradiction,contradiction,Buku,Buku Bahasa Indonesia (ISBN 978-602-8566-84-1)
269,P3090,Industri perkapalan siap memproduksi jenis kapal untuk mengatasi kapal yang akan dibesituakan,H390003,Kapal yang sudah berumur akan di gantikan oleh kapal baru,entailment,neutral,neutral,entailment,neutral,neutral,Buku,Buku Bahasa Indonesia (ISBN 978-602-8566-84-1)
270,P3091,"Banyak Orang yang meremehkan sampah. Bahkan, tidak terpikirkan hal yang akan ditimbulkannya.",H391001,Orang tidak memikirkan akibat dari sampah,entailment,entailment,neutral,entailment,neutral,entailment,Buku,Buku Bahasa Indonesia (ISBN 978-602-8566-84-1)
271,P3091,"Banyak Orang yang meremehkan sampah. Bahkan, tidak terpikirkan hal yang akan ditimbulkannya.",H391002,Sampah akan merusak manusia ,contradiction,contradiction,neutral,neutral,contradiction,contradiction,Buku,Buku Bahasa Indonesia (ISBN 978-602-8566-84-1)
272,P3091,"Banyak Orang yang meremehkan sampah. Bahkan, tidak terpikirkan hal yang akan ditimbulkannya.",H391003,Orang jarang memikirkan sampah,entailment,neutral,neutral,neutral,neutral,neutral,Buku,Buku Bahasa Indonesia (ISBN 978-602-8566-84-1)
273,P3092,"Kedatangan Mahesa ke Desa Wingitsari, menimbulkan banyak gunjingan di antara warga desa.",H392001,Kedatangan Mahesa dinanti oleh warga desa,contradiction,contradiction,contradiction,neutral,contradiction,contradiction,Novel,Rindu yang Tabu by Nev Nov
274,P3092,"Kedatangan Mahesa ke Desa Wingitsari, menimbulkan banyak gunjingan di antara warga desa.",H392002,Warga desa banyak yang menggosipkan Mahesa,entailment,neutral,entailment,entailment,neutral,entailment,Novel,Rindu yang Tabu by Nev Nov
275,P3092,"Kedatangan Mahesa ke Desa Wingitsari, menimbulkan banyak gunjingan di antara warga desa.",H392003,Mahesa berasal dari Desa Wingitsari ,contradiction,contradiction,neutral,neutral,neutral,neutral,Novel,Rindu yang Tabu by Nev Nov
276,P3093,Semua pekerja tahu kalau Bisma Aji memang terkenal galak dan tanpa kompromi. Tidak segan-segan untuk memotong gaji pegawai yang di anggap melakukan kesalahan.,H393001,Bisma Aji adalah seorang Bos,neutral,neutral,entailment,neutral,entailment,neutral,Novel,Rindu yang Tabu by Nev Nov
277,P3093,Semua pekerja tahu kalau Bisma Aji memang terkenal galak dan tanpa kompromi. Tidak segan-segan untuk memotong gaji pegawai yang di anggap melakukan kesalahan.,H393002,Bisma Aji tak segan segan memecat pekerjanya,contradiction,contradiction,contradiction,contradiction,contradiction,contradiction,Novel,Rindu yang Tabu by Nev Nov
278,P3093,Semua pekerja tahu kalau Bisma Aji memang terkenal galak dan tanpa kompromi. Tidak segan-segan untuk memotong gaji pegawai yang di anggap melakukan kesalahan.,H393003,Bisma Aji adalah orang yang tegas,entailment,entailment,entailment,entailment,neutral,entailment,Novel,Rindu yang Tabu by Nev Nov
279,P3094,"Menjelang siang, jenar pamit tidur. meski dipan dalam keadaan setengah basah, ia tak peduli. Ginah memberinya alas kain bekas tapi bersih",H394001,Jenar tidur tanpa memikirkan dipan-nya sedang basah,entailment,entailment,neutral,neutral,entailment,entailment,Novel,Rindu yang Tabu by Nev Nov
280,P3094,"Menjelang siang, jenar pamit tidur. meski dipan dalam keadaan setengah basah, ia tak peduli. Ginah memberinya alas kain bekas tapi bersih",H394002,Jenar tidur saat hujan lebat,contradiction,entailment,contradiction,entailment,contradiction,contradiction,Novel,Rindu yang Tabu by Nev Nov
281,P3094,"Menjelang siang, jenar pamit tidur. meski dipan dalam keadaan setengah basah, ia tak peduli. Ginah memberinya alas kain bekas tapi bersih",H394003,Ginah adalah orang yang perhatian,neutral,neutral,neutral,neutral,neutral,neutral,Novel,Rindu yang Tabu by Nev Nov
282,P3095,"Setelah mengunyah satu piring apem, Mahesa pamit pulang. Ia berkata pada Ginah, awalnya mau cari bengkel motor, ternyata banyak yang tutup karena hujan.",H395001,Mahesa berkunjung ke rumah Ginah ,neutral,neutral,entailment,neutral,neutral,neutral,Novel,Rindu yang Tabu by Nev Nov
283,P3095,"Setelah mengunyah satu piring apem, Mahesa pamit pulang. Ia berkata pada Ginah, awalnya mau cari bengkel motor, ternyata banyak yang tutup karena hujan.",H395002,Tujuan Mahesa adalah mencari bengkel motor,entailment,entailment,entailment,neutral,entailment,entailment,Novel,Rindu yang Tabu by Nev Nov
284,P3095,"Setelah mengunyah satu piring apem, Mahesa pamit pulang. Ia berkata pada Ginah, awalnya mau cari bengkel motor, ternyata banyak yang tutup karena hujan.",H395003,Mahesa meminta satu piring apem,contradiction,contradiction,contradiction,contradiction,neutral,contradiction,Novel,Rindu yang Tabu by Nev Nov
